dname2019,d,total2020,ttotal2020,2010,2016,2017,2018,2020,NAME_NORM,District,TOTAL CASES CONFIRMED(B/S & RDT),CORDINATES (LATITUDE ° N),CORDINATES (LONGITUDE ° E),TOTAL POPULATION,Latitude,Longitude,Incidence_Rate,DIST_NORM,local_I,local_z,local_p,lisa_q,lisa_sig,G_z,G_p,G_hot,G_cold
MASAKA,Masaka,"335,700",335700.0,MASAKA,MASAKA,MASAKA,MASAKA,MASAKA,MASAKA,Masaka District,81158.0,0.4464,31.9018,111838.9019,0.4464,31.9018,725.6687844858033,MASAKA,0.6080380114947036,1.7159120612865804,0.017,3,True,-0.7553184504906739,0.015,False,True
BUTEBO,Butebo,"121,200",121200.0,PALLISA,BUTEBO,BUTEBO,BUTEBO,BUTEBO,BUTEBO,Butebo District,277415.0,1.2393,33.83,144468.885,1.2393,33.83,1920.2404725418903,BUTEBO,0.00976577232968588,0.676204844665433,0.207,1,False,0.2778225330760336,0.214,False,False
ALEBTONG,Alebtong,"266,100",266100.0,ALEBTONG,ALEBTONG,ALEBTONG,ALEBTONG,ALEBTONG,ALEBTONG,Alebtong District,492752.0,2.2914,33.2139,259635.4412,2.2914,33.2139,1897.861084459682,ALEBTONG,0.007310028152797889,0.9286318988688499,0.139,1,False,0.37920298375856515,0.152,False,False
TORORO,Tororo,"597,500",597500.0,TORORO,TORORO,TORORO,TORORO,TORORO,TORORO,Tororo District,896799.0,0.3886,30.3436,2162302.077,0.3886,30.3436,414.7426992459019,TORORO,0.2229735953512271,0.5826663576965202,0.3,3,False,-0.2241149986501252,0.307,False,False
MOROTO,Moroto,"118,500",118500.0,MOROTO,MOROTO,MOROTO,MOROTO,MOROTO,MOROTO,Moroto District,224687.0,2.7495,34.5971,103556.1503,2.7495,34.5971,2169.711787750766,MOROTO,-0.007294793922386783,-0.10440593699762189,0.483,4,False,-0.032772813168992644,0.479,False,False
KAGADI,Kagadi,"430,200",430200.0,KIBAALE,KAGADI,KAGADI,KAGADI,KAGADI,KAGADI,Kagadi District,314043.0,0.95,30.8,418806.2219,0.95,30.8,749.8527566645971,KAGADI,0.5064493586086165,1.6343882449012004,0.021,3,True,-0.6434032321830272,0.026,False,True
KAMULI,Kamuli,"558,500",558500.0,KAMULI,KAMULI,KAMULI,KAMULI,KAMULI,KAMULI,Kamuli District,1533937.0,0.9187,33.1239,517995.9032,0.9187,33.1239,2961.2917602704315,KAMULI,0.10113483542784431,0.23270903319726174,0.337,1,False,0.13657432973605235,0.33,False,False
BUDAKA,Budaka,"253,100",253100.0,BUDAKA,BUDAKA,BUDAKA,BUDAKA,BUDAKA,BUDAKA,Budaka District,479742.0,1.1005,34.0196,249235.3939,1.1005,34.0196,1924.8550235705509,BUDAKA,0.01072206684027497,0.5103584771100037,0.237,1,False,0.27905150367265175,0.235,False,False
MARACHA,Maracha,"208,300",208300.0,MARACHA,MARACHA,MARACHA,MARACHA,MARACHA,MARACHA,Maracha District,603405.0,3.2873,30.9403,213920.0348,3.2873,30.9403,2820.703542630501,MARACHA,0.2356176928445537,0.5076313202542997,0.224,1,False,0.3547039989907403,0.242,False,False
BUIKWE,Buikwe,"474,100",474100.0,BUIKWE,BUIKWE,BUIKWE,BUIKWE,BUIKWE,BUIKWE,Buikwe District,593572.0,0.2827,0.0,478765.9383,0.2827,0.0,1239.7958010706711,BUIKWE,-0.0063831747039252784,0.006649681615203947,0.45,2,False,0.010928271952321666,0.438,False,False
LUWERO,Luwero,"523,600",523600.0,LUWERO,LUWERO,LUWERO,LUWERO,LUWERO,LUWERO,Luwero District,1078083.0,0.8271,0.0,546765.7355,0.8271,0.0,1971.7457221676982,LUWERO,-0.03262811533690128,-1.0557794937494924,0.115,4,False,-0.4540553203045111,0.121,False,False
MPIGI,Mpigi,"286,600",286600.0,MPIGI,MPIGI,MPIGI,MPIGI,MPIGI,MPIGI,Mpigi District,183326.0,0.2274,32.3249,293790.5895,0.2274,32.3249,624.0022878608916,MPIGI,0.3435186384392915,1.0243574638876305,0.122,3,False,-0.3955528605217671,0.13,False,False
KAYUNGA,Kayunga,"407,700",407700.0,KAYUNGA,KAYUNGA,KAYUNGA,KAYUNGA,KAYUNGA,KAYUNGA,Kayunga District,588477.0,0.7014,32.9029,409214.4479,0.7014,32.9029,1438.0650610454654,KAYUNGA,0.00037352306735260614,0.03891650242022321,0.468,3,False,-0.0034933100064269804,0.455,False,False
KYANKWANZI,Kyankwanzi,"282,800",282800.0,KYANKWANZI,KYANKWANZI,KYANKWANZI,KYANKWANZI,KYANKWANZI,KYANKWANZI,Kyankwanzi District,204925.0,1.2061,31.8164,250933.4988,1.2061,31.8164,816.6506304657638,KYANKWANZI,0.32741451769229757,1.2567030810382083,0.079,3,False,-0.4436871490438162,0.079,False,False
KIBOGA,Kiboga,"171,200",171200.0,KIBOGA,KIBOGA,KIBOGA,KIBOGA,KIBOGA,KIBOGA,Kiboga District,281916.0,0.8658,31.9473,168342.5414,0.8658,31.9473,1674.6569087972673,KIBOGA,0.07350786515090087,1.0763751415168443,0.096,3,False,-0.5287918101404439,0.11,False,False
MUKONO,Mukono,"701,400",701400.0,MUKONO,MUKONO,MUKONO,MUKONO,MUKONO,MUKONO,Mukono District,642871.0,0.2835,0.0,778403.7886,0.2835,0.0,825.8836986857904,MUKONO,0.2555841541399708,0.9951711849456845,0.139,3,False,-0.3505284128814895,0.154,False,False
NAKASEKE,Nakaseke,"234,600",234600.0,NAKASEKE,NAKASEKE,NAKASEKE,NAKASEKE,NAKASEKE,NAKASEKE,Nakaseke District,298068.0,1.2231,32.0837,228208.6952,1.2231,32.0837,1306.1202586464813,NAKASEKE,0.1487791833858048,1.0627423334267436,0.122,3,False,-0.3741024277071031,0.132,False,False
KASSANDA,Kassanda,"312,700",312700.0,MUBENDE,MUBENDE,MUBENDE,KASSANDA,KASSANDA,KASSANDA,Kassanda District,294689.0,0.5761,31.7195,296278.7557,0.5761,31.7195,994.6342568631221,KASSANDA,-0.009960517285385589,0.016699007785981507,0.433,2,False,0.011408829013864178,0.444,False,False
MBALE,Mbale,"586,300",586300.0,MBALE,MBALE,MBALE,MBALE,MBALE,MBALE,Mbale District,407868.0,1.0344,34.1977,260956.3489,1.0344,34.1977,1562.974044200386,MBALE,0.05255160226884328,0.7334647717767591,0.227,3,False,-0.24202059226212316,0.227,False,False
BUKWO,Bukwo,"119,100",119100.0,BUKWO,BUKWO,BUKWO,BUKWO,BUKWO,BUKWO,Bukwo District,50525.0,1.2819,34.7299,103632.5039,1.2819,34.7299,487.5400873142466,BUKWO,0.795086650703774,1.1636045114884113,0.068,3,False,-0.8193277763150784,0.09,False,False
KAPCHORWA,Kapchorwa,"123,800",123800.0,KAPCHORWA,KAPCHORWA,KAPCHORWA,KAPCHORWA,KAPCHORWA,KAPCHORWA,Kapchorwa District,38315.0,1.3514,34.3754,121424.9705,1.3514,34.3754,315.5446515014801,KAPCHORWA,0.8840282208809805,1.1531344732465936,0.072,3,False,-0.8119988274984555,0.092,False,False
BUKEDEA,Bukedea,"259,300",259300.0,BUKEDEA,BUKEDEA,BUKEDEA,BUKEDEA,BUKEDEA,BUKEDEA,Bukedea District,500587.0,1.3557,34.1087,248003.4467,1.3557,34.1087,2018.4679151074074,BUKEDEA,-0.004761866289871223,-0.13591503782456368,0.494,4,False,-0.0445879549085141,0.492,False,False
KABAROLE,Kabarole,"337,800",337800.0,KABAROLE,KABAROLE,KABAROLE,KABAROLE,KABAROLE,KABAROLE,Kabarole District,130431.0,0.6833,0.0,216280.968,0.6833,0.0,603.0627715703584,KABAROLE,0.4498796453364707,1.4396925788143236,0.048,3,True,-0.5077340210738913,0.056,False,False
MASINDI,Masindi,"340,500",340500.0,MASINDI,MASINDI,MASINDI,MASINDI,MASINDI,MASINDI,Masindi District,320651.0,1.6873,31.7138,321013.779,1.6873,31.7138,998.8698958620091,MASINDI,0.08771586383654946,0.43374574027158747,0.366,3,False,-0.14640946735640753,0.363,False,False
KITAGWENDA,Kitagwenda,"178,300",178300.0,KAMWENGE,KAMWENGE,KAMWENGE,KAMWENGE,KITAGWENDA,KITAGWENDA,Kitagwenda District,188160.0,0.0,0.0,167230.318,0.0,0.0,1125.1548298795915,KITAGWENDA,0.12235368250693342,0.496380727049104,0.324,3,False,-0.23516030423106898,0.321,False,False
BUSIA,Busia,"384,000",384000.0,BUSIA,BUSIA,BUSIA,BUSIA,BUSIA,BUSIA,Busia District,944306.0,0.4045,34.0196,374454.5013,0.4045,34.0196,2521.817728780498,BUSIA,-0.1177794983405163,-0.4625388013650508,0.342,4,False,-0.25138833875923144,0.346,False,False
KALANGALA,Kalangala,"67,200",67200.0,KALANGALA,KALANGALA,KALANGALA,KALANGALA,KALANGALA,KALANGALA,Kalangala District,55550.0,0.6351,32.5373,65596.37205,0.6351,32.5373,846.8456145357812,KALANGALA,0.3588754436081442,1.1613196933164445,0.084,3,False,-0.4997303019946691,0.104,False,False
NTUNGAMO,Ntungamo,"540,800",540800.0,NTUNGAMO,NTUNGAMO,NTUNGAMO,NTUNGAMO,NTUNGAMO,NTUNGAMO,Ntungamo District,264941.0,0.9807,30.2513,524101.3617,0.9807,30.2513,505.51480946476613,NTUNGAMO,0.9480483611979127,2.517150944045919,0.001,3,True,-0.9881082876454572,0.001,False,True
MBARARA,Mbarara,"390,700",390700.0,MBARARA,MBARARA,MBARARA,MBARARA,MBARARA,MBARARA,Mbarara District,57356.0,0.6121,30.6373,162157.1966,0.6121,30.6373,353.70616415799583,MBARARA,0.8130123509771365,1.9580216840258966,0.007,3,True,-0.7656526817978899,0.005,False,True
MITOOMA,Mitooma,"194,300",194300.0,MITOOMA,MITOOMA,MITOOMA,MITOOMA,MITOOMA,MITOOMA,Mitooma District,130204.0,0.6193,30.0203,207910.702,0.6193,30.0203,626.2496290354501,MITOOMA,0.9250045930850588,2.110624817789069,0.002,3,True,-1.0558486051738394,0.001,False,True
NAKASONGOLA,Nakasongola,"215,200",215200.0,NAKASONGOLA,NAKASONGOLA,NAKASONGOLA,NAKASONGOLA,NAKASONGOLA,NAKASONGOLA,Nakasongola District,445807.0,1.349,32.4467,207196.8482,1.349,32.4467,2151.610914320848,NAKASONGOLA,-0.018000701185112735,-0.28301268752244724,0.421,4,False,-0.08873527045606316,0.442,False,False
MUBENDE,Mubende,"554,800",554800.0,MUBENDE,MUBENDE,MUBENDE,MUBENDE,MUBENDE,MUBENDE,Mubende District,474446.0,0.449,31.3542,475233.8295,0.449,31.3542,998.3422276549022,MUBENDE,0.2245107887974951,1.0553769329606266,0.128,3,False,-0.3673565680960094,0.142,False,False
BUVUMA,Buvuma,"128,900",128900.0,BUVUMA,BUVUMA,BUVUMA,BUVUMA,BUVUMA,BUVUMA,Buvuma District,132819.0,0.3765,33.2588,40577.34751,0.3765,33.2588,3273.230217112336,BUVUMA,-0.5157497470691947,-1.0552188695180997,0.112,4,False,-0.5121180854362537,0.125,False,False
KABERAMAIDO,Kaberamaido,"132,700",132700.0,KABERAMAIDO,KABERAMAIDO,KABERAMAIDO,KABERAMAIDO,KABERAMAIDO,KABERAMAIDO,Kaberamaido District,390635.0,1.6325,0.0,125381.2538,1.6325,0.0,3115.5773942340334,KABERAMAIDO,0.22815894145335358,0.47242267768197915,0.246,1,False,0.26530172808953434,0.237,False,False
SOROTI,Soroti,"363,600",363600.0,SOROTI,SOROTI,SOROTI,SOROTI,SOROTI,SOROTI,Soroti District,459566.0,1.7229,33.528,236630.7495,1.7229,33.528,1942.1229107842555,SOROTI,0.018500881873304495,0.7879530300989457,0.154,1,False,0.36506616468418757,0.169,False,False
BUNYANGABU,Bunyangabu,"195,100",195100.0,KABAROLE,KABAROLE,BUNYANGABU,BUNYANGABU,BUNYANGABU,BUNYANGABU,Bunyangabu District,111801.0,0.4871,30.2051,198021.5857,0.4871,30.2051,564.5899642949885,BUNYANGABU,0.4078826449039404,0.80020290396516,0.184,3,False,-0.44786721356759546,0.2,False,False
IBANDA,Ibanda,"277,300",277300.0,IBANDA,IBANDA,IBANDA,IBANDA,IBANDA,IBANDA,Ibanda District,553605.0,0.0966,30.4818,283976.8883,0.0966,30.4818,1949.4720268050771,IBANDA,-0.03137716099775879,-1.6035347272422982,0.027,4,True,-0.5603780378402952,0.032,False,True
WAKISO,Wakiso,"2,915,200",2915200.0,WAKISO,WAKISO,WAKISO,WAKISO,WAKISO,WAKISO,Wakiso District,1191619.0,0.063,32.4467,2753785.676,0.063,32.4467,432.7203131257772,WAKISO,0.5833510049758355,1.6584052521646881,0.022,3,True,-0.5808296917032366,0.023,False,True
AMOLATAR,Amolatar,"170,100",170100.0,AMOLATAR,AMOLATAR,AMOLATAR,AMOLATAR,AMOLATAR,AMOLATAR,Amolatar District,375806.0,1.6054,32.8084,170846.7994,1.6054,32.8084,2199.6666096163344,AMOLATAR,0.05914217417404378,0.6574694318583745,0.219,1,False,0.2548462433270501,0.208,False,False
LAMWO,Lamwo,"143,800",143800.0,LAMWO,LAMWO,LAMWO,LAMWO,LAMWO,LAMWO,Lamwo District,1037265.0,3.491,32.808,177231.4362,3.491,32.808,5852.6016729305275,LAMWO,4.13877433738641,2.9215141966053535,0.026,1,True,1.5303543215641355,0.023,True,False
KAABONG,Kaabong,"125,400",125400.0,KAABONG,KAABONG,KAABONG,KAABONG,KAABONG,KAABONG,Kaabong District,281906.0,3.5696,34.242,190691.9549,3.5696,34.242,1478.3318999893474,KAABONG,-0.0459297439573435,-0.21776066850648879,0.331,2,False,0.16273852459030125,0.328,False,False
IGANGA,Iganga,"402,600",402600.0,IGANGA,IGANGA,IGANGA,IGANGA,IGANGA,IGANGA,Iganga District,1137823.0,0.7236,33.4832,389466.6445,0.7236,33.4832,2921.4902381710895,IGANGA,0.21064947728826244,0.6047218158454165,0.219,1,False,0.2883008808068247,0.221,False,False
NAMAYINGO,Namayingo,"237,000",237000.0,NAMAYINGO,NAMAYINGO,NAMAYINGO,NAMAYINGO,NAMAYINGO,NAMAYINGO,Namayingo District,696437.0,0.3426,33.8411,244885.12,0.3426,33.8411,2843.9335146210597,NAMAYINGO,-0.025513856528424566,-0.11006861064617963,0.481,4,False,-0.03183522418731787,0.471,False,False
RUKUNGIRI,Rukungiri,"333,800",333800.0,RUKUNGIRI,RUKUNGIRI,RUKUNGIRI,RUKUNGIRI,RUKUNGIRI,RUKUNGIRI,Rukungiri District,207838.0,0.7518,29.9278,350222.7174,0.7518,29.9278,593.4452269200513,RUKUNGIRI,0.8696624373475768,2.6975731871952076,0.001,3,True,-0.9680594902979422,0.001,False,True
PAKWACH,Pakwach,"196,800",196800.0,NEBBI,NEBBI,PAKWACH,PAKWACH,PAKWACH,PAKWACH,Pakwach District,465477.0,2.4738,31.3999,185796.111,2.4738,31.3999,2505.310781235889,PAKWACH,0.3212912003914177,1.5671064178000562,0.071,1,False,0.7165129637245763,0.072,False,False
RUBANDA,Rubanda,"208,500",208500.0,KABALE,KABALE,RUBANDA,RUBANDA,RUBANDA,RUBANDA,Rubanda District,14758.0,1.1517,29.8352,226928.4991,1.1517,29.8352,65.03370030000785,RUBANDA,1.3362938884611295,2.440026809970445,0.001,3,True,-1.0576656874598216,0.001,False,True
LUUKA,Luuka,"267,100",267100.0,LUUKA,LUUKA,LUUKA,LUUKA,LUUKA,LUUKA,Luuka District,866639.0,0.7251,33.3037,272730.2396,0.7251,33.3037,3177.6417652514688,LUUKA,0.24666967431791975,0.6391303742424161,0.214,1,False,0.2734187453624571,0.22,False,False
KOLE,Kole,"284,300",284300.0,KOLE,KOLE,KOLE,KOLE,KOLE,KOLE,Kole District,442633.0,2.3031,0.0,270939.1235,2.3031,0.0,1633.6990918183142,KOLE,-0.024679298039841008,-0.2331258545522721,0.317,2,False,0.14532689014878414,0.347,False,False
KALIRO,Kaliro,"288,500",288500.0,KALIRO,KALIRO,KALIRO,KALIRO,KALIRO,KALIRO,Kaliro District,593637.0,0.8927,33.5028,255125.7054,0.8927,33.5028,2326.8411901860827,KALIRO,0.12074191537487096,0.8918259148554297,0.149,1,False,0.37514147524461244,0.163,False,False
OMORO,Omoro,"196,400",196400.0,GULU,OMORO,OMORO,OMORO,OMORO,OMORO,Omoro District,646071.0,2.7152,32.492,178645.0953,2.7152,32.492,3616.505669607376,OMORO,1.0650269502611123,2.143447388191097,0.043,1,True,0.8728890582643082,0.045,True,False
RUKIGA,Rukiga,"105,400",105400.0,KABALE,KABALE,RUKIGA,RUKIGA,RUKIGA,RUKIGA,Rukiga District,24507.0,1.1326,30.0434,118659.0444,1.1326,30.0434,206.53292906511894,RUKIGA,1.3070978636797455,2.2532089325816176,0.001,3,True,-1.1201379841887469,0.001,False,True
AMURU,Amuru,"216,800",216800.0,AMURU,AMURU,AMURU,AMURU,AMURU,AMURU,Amuru District,678893.0,3.1042,32.0837,221144.9495,3.1042,32.0837,3069.900540504996,AMURU,1.790065417571577,5.706427648489425,0.001,1,True,2.1131287736797946,0.001,True,False
KITGUM,Kitgum,"223,600",223600.0,KITGUM,KITGUM,KITGUM,KITGUM,KITGUM,KITGUM,Kitgum District,822079.0,3.3397,33.1689,224721.6078,3.3397,33.1689,3658.2107437200348,KITGUM,1.8293433942721713,3.202715304554382,0.013,1,True,1.4587053660759952,0.018,True,False
KANUNGU,Kanungu,"277,300",277300.0,KANUNGU,KANUNGU,KANUNGU,KANUNGU,KANUNGU,KANUNGU,Kanungu District,279364.0,0.8195,0.0,285449.0367,0.8195,0.0,978.682581064741,KANUNGU,0.7210356715057057,1.9702681415206842,0.001,3,True,-1.14413146364029,0.001,False,True
ZOMBO,Zombo,"283,100",283100.0,ZOMBO,ZOMBO,ZOMBO,ZOMBO,ZOMBO,ZOMBO,Zombo District,459103.0,2.4882,30.8499,281289.8136,2.4882,30.8499,1632.1351780368914,ZOMBO,-0.15016132339139854,-1.2164996498461738,0.085,2,False,0.8847320771684597,0.091,False,False
JINJA,Jinja,"515,100",515100.0,JINJA,JINJA,JINJA,JINJA,JINJA,JINJA,Jinja District,580175.0,0.5349,33.2139,256664.1006,0.5349,33.2139,2260.4446770846926,JINJA,0.04404038365085844,0.31647666925527956,0.313,1,False,0.16115338566158738,0.319,False,False
YUMBE,Yumbe,"663,600",663600.0,YUMBE,YUMBE,YUMBE,YUMBE,YUMBE,YUMBE,Yumbe District,1767814.0,3.4698,31.2483,723635.0354,3.4698,31.2483,2442.9635292918265,YUMBE,0.5336278690035988,2.8735007895303526,0.02,1,True,1.316374778787662,0.019,True,False
BUYENDE,Buyende,"414,600",414600.0,BUYENDE,BUYENDE,BUYENDE,BUYENDE,BUYENDE,BUYENDE,Buyende District,495270.0,1.2414,33.1239,369159.5617,1.2414,33.1239,1341.6149854530504,BUYENDE,-0.07876864057123789,-0.5397387758648394,0.237,2,False,0.2068682835639951,0.266,False,False
KISORO,Kisoro,"315,400",315400.0,KISORO,KISORO,KISORO,KISORO,KISORO,KISORO,Kisoro District,54560.0,1.1539,29.6499,364929.2236,1.1539,29.6499,149.50844292975387,KISORO,1.1718676750880668,1.3701215478044897,0.029,3,True,-0.9728105723629547,0.021,False,True
NAKAPIRIPIRIT,Nakapiripirit,"113,300",113300.0,NAKAPIRIPIRIT,NAKAPIRIPIRIT,NAKAPIRIPIRIT,NAKAPIRIPIRIT,NAKAPIRIPIRIT,NAKAPIRIPIRIT,Nakapiripirit District,263898.0,1.7013,34.5971,101656.3411,1.7013,34.5971,2595.9816883474277,NAKAPIRIPIRIT,-0.097630714051726,-0.5179428146473241,0.317,4,False,-0.18584188717143554,0.294,False,False
GULU,Gulu,"325,600",325600.0,GULU,GULU,GULU,GULU,GULU,GULU,Gulu District,496827.0,2.955,32.4467,123872.7591,2.955,32.4467,4010.784966845871,GULU,2.7105105759713872,3.4946855204925784,0.016,1,True,1.8096642312714242,0.013,True,False
BUKOMANSIMBI,Bukomansimbi,"156,600",156600.0,BUKOMANSIMBI,BUKOMANSIMBI,BUKOMANSIMBI,BUKOMANSIMBI,BUKOMANSIMBI,BUKOMANSIMBI,Bukomansimbi District,153745.0,0.1433,31.6055,177621.3751,0.1433,31.6055,865.5771295174485,BUKOMANSIMBI,0.2408544105072306,0.7923704365602462,0.205,3,False,-0.34322199161315325,0.196,False,False
DOKOLO,Dokolo,"215,500",215500.0,DOKOLO,DOKOLO,DOKOLO,DOKOLO,DOKOLO,DOKOLO,Dokolo District,589156.0,1.9131,33.1717,201970.6038,1.9131,33.1717,2917.0383655604046,DOKOLO,0.15376833395331807,0.4999277324396458,0.259,1,False,0.2127990372769963,0.261,False,False
KWEEN,Kween,"109,500",109500.0,KWEEN,KWEEN,KWEEN,KWEEN,KWEEN,KWEEN,Kween District,73044.0,1.4126,34.5528,113644.2334,1.4126,34.5528,642.7426875493359,KWEEN,0.4734716719242793,1.5062944360257529,0.033,3,True,-0.5507356569659042,0.043,False,True
SERERE,Serere,"359,500",359500.0,SERERE,SERERE,SERERE,SERERE,SERERE,SERERE,Serere District,518295.0,1.4994,33.549,327270.4649,1.4994,33.549,1583.690114408488,SERERE,-0.02499595280065073,-0.2756980633637366,0.331,2,False,0.12108487331461647,0.35,False,False
AMURIA,Amuria,"225,000",225000.0,AMURIA,AMURIA,AMURIA,AMURIA,AMURIA,AMURIA,Amuria District,570723.0,2.0302,33.6428,221713.2959,2.0302,33.6428,2574.1487342167106,AMURIA,0.18359548484019592,0.7914354125434774,0.175,1,False,0.37141585840067276,0.183,False,False
ADJUMANI,Adjumani,"235,900",235900.0,ADJUMANI,ADJUMANI,ADJUMANI,ADJUMANI,ADJUMANI,ADJUMANI,Adjumani District,1451151.0,3.2549,31.7195,128376.1239,3.2549,31.7195,11303.90103638267,ADJUMANI,10.803713220804156,4.104518803003513,0.002,1,True,2.0379479205664612,0.001,True,False
KYEGEGWA,Kyegegwa,"441,000",441000.0,KYEGEGWA,KYEGEGWA,KYEGEGWA,KYEGEGWA,KYEGEGWA,KYEGEGWA,Kyegegwa District,609447.0,0.4818,31.055,397961.3775,0.4818,31.055,1531.4224808159934,KYEGEGWA,0.10451144440447754,1.0894364084433337,0.111,3,False,-0.4354383464473364,0.115,False,False
KYENJOJO,Kyenjojo,"525,400",525400.0,KYENJOJO,KYENJOJO,KYENJOJO,KYENJOJO,KYENJOJO,KYENJOJO,Kyenjojo District,457898.0,0.6093,30.6401,491549.5685,0.6093,30.6401,931.5398269950877,KYENJOJO,0.32482175529255003,1.114738606134529,0.104,3,False,-0.49257012299965647,0.105,False,False
KASESE,Kasese,"793,200",793200.0,KASESE,KASESE,KASESE,KASESE,KASESE,KASESE,Kasese District,865817.0,0.1699,0.0,786346.2565,0.1699,0.0,1101.0632947548088,KASESE,0.24265477650745287,1.122329484469868,0.099,3,False,-0.448316975458002,0.103,False,False
SHEEMA,Sheema,"220,500",220500.0,SHEEMA,SHEEMA,SHEEMA,SHEEMA,SHEEMA,SHEEMA,Sheema District,21139.0,0.5515,30.3897,233238.5217,0.5515,30.3897,90.63254151125928,SHEEMA,1.3242257953082401,2.643880330175346,0.001,3,True,-1.062815028163131,0.001,False,True
RUBIRIZI,Rubirizi,"144,100",144100.0,RUBIRIZI,RUBIRIZI,RUBIRIZI,RUBIRIZI,RUBIRIZI,RUBIRIZI,Rubirizi District,131300.0,0.2642,30.1084,151338.3709,0.2642,30.1084,867.5922650625016,RUBIRIZI,0.48571229647670683,1.7116292056542644,0.016,3,True,-0.688114180079944,0.02,False,True
BUTALEJA,Butaleja,"300,500",300500.0,BUTALEJA,BUTALEJA,BUTALEJA,BUTALEJA,BUTALEJA,BUTALEJA,Butaleja District,531525.0,0.0,0.0,283270.0852,0.0,0.0,1876.3894522244457,BUTALEJA,-0.00027943972063454686,-0.18227213088986255,0.462,4,False,-0.06931143908679564,0.444,False,False
KIBAALE,Kibaale,"198,200",198200.0,KIBAALE,KIBAALE,KIBAALE,KIBAALE,KIBAALE,KIBAALE,Kibaale District,150219.0,0.8088,31.0335,192834.1418,0.8088,31.0335,779.0062413107386,KIBAALE,0.46678083734644216,1.3795768493466969,0.053,3,False,-0.6089329592322549,0.059,False,False
KIKUUBE,Kikuube,"358,700",358700.0,HOIMA,HOIMA,HOIMA,KIKUUBE,KIKUUBE,KIKUUBE,Kikuube District,700370.0,1.2375,30.9876,329958.7323,1.2375,30.9876,2122.598772028317,KIKUUBE,-0.14214791851311026,-1.7896886709598305,0.011,4,True,-0.7931062954509358,0.008,False,True
LWENGO,Lwengo,"290,500",290500.0,LWENGO,LWENGO,LWENGO,LWENGO,LWENGO,LWENGO,Lwengo District,262189.0,0.4165,31.3999,298580.4256,0.4165,31.3999,878.1185152145486,LWENGO,0.4020149059515199,1.310852904877231,0.068,3,False,-0.5763655445145381,0.068,False,False
AGAGO,Agago,"251,200",251200.0,AGAGO,AGAGO,AGAGO,AGAGO,AGAGO,AGAGO,Agago District,1231996.0,2.9251,0.0,272582.3933,2.9251,0.0,4519.71965278067,AGAGO,1.9576316632181892,2.3844209015318505,0.035,1,True,1.0683360977292258,0.037,True,False
APAC,Apac,"226,600",226600.0,APAC,APAC,APAC,APAC,APAC,APAC,Apac District,559599.0,1.8445,32.4014,206508.5175,1.8445,32.4014,2709.8107466681126,APAC,0.023461521779733145,0.10234944611053383,0.404,1,False,0.04382962345580043,0.426,False,False
PALLISA,Pallisa,"353,400",353400.0,PALLISA,PALLISA,PALLISA,PALLISA,PALLISA,PALLISA,Pallisa District,455653.0,1.2009,33.7071,309460.347,1.2009,33.7071,1472.4115849323985,PALLISA,-0.08098920763508238,-0.7665928182052439,0.18,2,False,0.2841900144084472,0.202,False,False
LIRA,Lira,"478,500",478500.0,LIRA,LIRA,LIRA,LIRA,LIRA,LIRA,Lira District,361285.0,2.2316,32.9438,224605.4506,2.2316,32.9438,1608.5317566198012,LIRA,-0.11035857113739518,-1.7252615819717025,0.071,2,False,0.5911557305584778,0.063,False,False
KOTIDO,Kotido,"206,500",206500.0,KOTIDO,KOTIDO,KOTIDO,KOTIDO,KOTIDO,KOTIDO,Kotido District,468482.0,3.0352,0.0,203356.3642,3.0352,0.0,2303.7488983587955,KOTIDO,0.17477898974186076,1.5421141089275514,0.071,1,False,0.5705876259948883,0.078,False,False
KALUNGU,Kalungu,"194,100",194100.0,KALUNGU,KALUNGU,KALUNGU,KALUNGU,KALUNGU,KALUNGU,Kalungu District,176940.0,0.0953,31.7651,201322.4065,0.0953,31.7651,878.8887589618595,KALUNGU,-0.0037909717624290285,0.00479394590399794,0.459,2,False,0.0001605471195042186,0.476,False,False
NAPAK,Napak,"158,300",158300.0,NAPAK,NAPAK,NAPAK,NAPAK,NAPAK,NAPAK,Napak District,343589.0,2.4265,34.331,180626.5701,2.4265,34.331,1902.2063022609539,NAPAK,0.010797818796331739,1.1789456198759436,0.098,1,False,0.48282100359821806,0.102,False,False
NAMUTUMBA,Namutumba,"306,500",306500.0,NAMUTUMBA,NAMUTUMBA,NAMUTUMBA,NAMUTUMBA,NAMUTUMBA,NAMUTUMBA,Namutumba District,505402.0,0.8493,33.6623,286341.2258,0.8493,33.6623,1765.0340030080292,NAMUTUMBA,-0.029207823382895095,-0.9468166675412738,0.136,2,False,0.38845602374077437,0.152,False,False
BUGIRI,Bugiri,"480,400",480400.0,BUGIRI,BUGIRI,BUGIRI,BUGIRI,BUGIRI,BUGIRI,Bugiri District,560812.0,0.5316,0.0,438704.419,0.5316,0.0,1278.336792864628,BUGIRI,-0.016949352606999007,-0.09319654952490504,0.41,2,False,0.03718001031602114,0.423,False,False
OTUKE,Otuke,"133,500",133500.0,OTUKE,OTUKE,OTUKE,OTUKE,OTUKE,OTUKE,Otuke District,352081.0,2.5214,33.3486,135345.6394,2.5214,33.3486,2601.3471993690255,OTUKE,0.4549698827248327,2.1612962144036665,0.041,1,True,0.8812192918250121,0.04,True,False
NEBBI,Nebbi,"282,600",282600.0,NEBBI,NEBBI,NEBBI,NEBBI,NEBBI,NEBBI,Nebbi District,672431.0,2.4104,31.2168,273483.9112,2.4104,31.2168,2458.758897550826,NEBBI,0.22773953433066674,0.9208188910508536,0.135,1,False,0.5485707005894994,0.136,False,False
KAMPALA,Kampala,"1,680,600",1680600.0,KAMPALA,KAMPALA,KAMPALA,KAMPALA,KAMPALA,KAMPALA,Kampala District,838014.0,0.3152,32.5816,1675282.464,0.3152,32.5816,500.2225105365874,KAMPALA,0.8587620943409686,1.2498262760153416,0.046,3,True,-0.892349595700506,0.048,False,True
PADER,Pader,"197,300",197300.0,PADER,PADER,PADER,PADER,PADER,PADER,Pader District,1061153.0,2.9431,32.8084,213044.9404,2.9431,32.8084,4980.888060554946,PADER,2.8644863416169857,3.522417444299032,0.007,1,True,1.337309217029722,0.007,True,False
ABIM,Abim,"153,500",153500.0,ABIM,ABIM,ABIM,ABIM,ABIM,ABIM,Abim District,401802.0,2.7067,33.6595,128376.1239,2.7067,33.6595,3129.8810697306,ABIM,0.5673073573501818,1.4216092006572012,0.073,1,False,0.6427057156000228,0.087,False,False
BUDUDA,Bududa,"271,100",271100.0,BUDUDA,BUDUDA,BUDUDA,BUDUDA,BUDUDA,BUDUDA,Bududa District,101778.0,1.003,34.3338,61214.32643,1.003,34.3338,1662.650002632725,BUDUDA,0.08327726190532346,1.257221872797771,0.073,3,False,-0.5644979260888793,0.079,False,False
MANAFWA,Manafwa,"175,200",175200.0,MANAFWA,MANAFWA,MANAFWA,MANAFWA,MANAFWA,MANAFWA,Manafwa District,243297.0,0.0,0.0,170960.9327,0.0,0.0,1423.1146037728652,MANAFWA,0.17516548934753284,1.1277355617466625,0.097,3,False,-0.5533933467781655,0.114,False,False
SIRONKO,Sironko,"274,300",274300.0,SIRONKO,SIRONKO,SIRONKO,SIRONKO,SIRONKO,SIRONKO,Sironko District,279738.0,1.2302,34.2491,274583.9034,1.2302,34.2491,1018.7705708025126,SIRONKO,0.2253682715679855,0.8406625590935433,0.184,3,False,-0.3773409147514133,0.188,False,False
KATAKWI,Katakwi,"194,600",194600.0,KATAKWI,KATAKWI,KATAKWI,KATAKWI,KATAKWI,KATAKWI,Katakwi District,689284.0,1.9142,33.9583,204260.2064,1.9142,33.9583,3374.5388401800815,KATAKWI,0.2923204244007357,0.7437984004094401,0.193,1,False,0.282725545969026,0.201,False,False
KUMI,Kumi,"284,800",284800.0,KUMI,KUMI,KUMI,KUMI,KUMI,KUMI,Kumi District,773054.0,1.4877,33.9304,266855.2321,1.4877,33.9304,2896.904040128805,KUMI,0.19943483602232,0.6730277180354306,0.205,1,False,0.27950447675905105,0.217,False,False
BULIISA,Buliisa,"149,300",149300.0,BULIISA,BULIISA,BULIISA,BULIISA,BULIISA,BULIISA,Buliisa District,334476.0,1.8992,31.3542,143383.711,1.8992,31.3542,2332.733597612075,BULIISA,-0.027288824899938505,-0.1734327848161304,0.475,4,False,-0.08073684900128224,0.467,False,False
KAMWENGE,Kamwenge,"335,200",335200.0,KAMWENGE,KAMWENGE,KAMWENGE,KAMWENGE,KAMWENGE,KAMWENGE,Kamwenge District,699201.0,0.2903,30.574,308803.2075,0.2903,30.574,2264.228424505597,KAMWENGE,-0.12074190339852992,-1.160603338298995,0.094,4,False,-0.4299330379901836,0.105,False,False
LYANTONDE,Lyantonde,"110,500",110500.0,LYANTONDE,LYANTONDE,LYANTONDE,LYANTONDE,LYANTONDE,LYANTONDE,Lyantonde District,135574.0,0.2241,31.2168,115648.0618,0.2241,31.2168,1172.2980730490722,LYANTONDE,0.2610767456948145,1.0858036909237017,0.105,3,False,-0.5303169076836975,0.129,False,False
SSEMBABULE,Ssembabule,"296,100",296100.0,SSEMBABULE,SSEMBABULE,SSEMBABULE,SSEMBABULE,SSEMBABULE,SEMBABULE,Sembabule District,281001.0,0.0638,31.3542,283386.681,0.0638,31.3542,991.5815344899713,SEMBABULE,0.18592106490366564,0.8840406590343861,0.18,3,False,-0.30273647637970524,0.198,False,False
BUTAMBALA,Butambala,"107,800",107800.0,BUTAMBALA,BUTAMBALA,BUTAMBALA,BUTAMBALA,BUTAMBALA,BUTAMBALA,Butambala District,184380.0,0.1742,32.1065,50232.4276,0.1742,32.1065,3670.5373164166963,BUTAMBALA,-0.2452873429165915,-0.37965403251882646,0.387,4,False,-0.18347662578247648,0.385,False,False
KIRUHURA,Kiruhura,"185,700",185700.0,KIRUHURA,KIRUHURA,KIRUHURA,KIRUHURA,KIRUHURA,KIRUHURA,Kiruhura District,192243.0,0.322,30.8039,180616.9259,0.322,30.8039,1064.3686855042415,KIRUHURA,0.24345978919788216,1.1607994539783202,0.091,3,False,-0.4297469019065321,0.106,False,False
BUHWEJU,Buhweju,"144,100",144100.0,BUHWEJU,BUHWEJU,BUHWEJU,BUHWEJU,BUHWEJU,BUHWEJU,Buhweju District,17374.0,0.3558,30.3897,58583.41681,0.3558,30.3897,296.568567455668,BUHWEJU,0.9040875514338569,1.8347120247082667,0.007,3,True,-0.8205208749491867,0.008,False,True
KAKUMIRO,Kakumiro,"473,400",473400.0,KIBAALE,KAKUMIRO,KAKUMIRO,KAKUMIRO,KAKUMIRO,KAKUMIRO,Kakumiro District,333729.0,1.0028,31.3084,367946.3179,1.0028,31.3084,907.0045921500441,KAKUMIRO,0.37816875878105616,1.2503460082169553,0.076,3,False,-0.558379529918663,0.084,False,False
KABALE,Kabale,"248,700",248700.0,KABALE,KABALE,KABALE,KABALE,KABALE,KABALE,Kabale District,24804.0,1.3505,30.0203,262176.9302,1.3505,30.0203,94.60786645521567,KABALE,1.555360559900066,1.71869389217099,0.002,3,True,-1.2493918581331116,0.002,False,True
AMUDAT,Amudat,"134,900",134900.0,AMUDAT,AMUDAT,AMUDAT,AMUDAT,AMUDAT,AMUDAT,Amudat District,128547.0,1.7916,34.9066,156566.9591,1.7916,34.9066,821.0352985006016,AMUDAT,0.21019562650415202,0.5945423225580243,0.27,3,False,-0.28797796762999267,0.291,False,False
MAYUGE,Mayuge,"565,100",565100.0,MAYUGE,MAYUGE,MAYUGE,MAYUGE,MAYUGE,MAYUGE,Mayuge District,883283.0,0.3125,33.528,533324.8616,0.3125,33.528,1656.181932621909,MAYUGE,-0.0601380653756622,-1.0980500489235914,0.125,2,False,0.3934637250497918,0.112,False,False
NWOYA,Nwoya,"236,000",236000.0,NWOYA,NWOYA,NWOYA,NWOYA,NWOYA,NWOYA,Nwoya District,492795.0,2.6351,32.0028,180449.3616,2.6351,32.0028,2730.9323548197026,NWOYA,0.19137585080961797,0.8158898949470557,0.17,1,False,0.3181122740145523,0.172,False,False
OYAM,Oyam,"453,700",453700.0,OYAM,OYAM,OYAM,OYAM,OYAM,OYAM,Oyam District,907723.0,2.2776,32.4467,437457.3758,2.2776,32.4467,2074.9975888279446,OYAM,0.04566434846523993,0.7514989177103065,0.189,1,False,0.3157379774527141,0.196,False,False
KOBOKO,Koboko,"258,000",258000.0,KOBOKO,KOBOKO,KOBOKO,KOBOKO,KOBOKO,KOBOKO,Koboko District,555472.0,3.5237,31.0335,243497.9288,3.5237,31.0335,2281.218582586974,KOBOKO,0.15770452866953874,0.7050824213758565,0.172,1,False,0.543074935920809,0.169,False,False
KIBUKU,Kibuku,"250,600",250600.0,KIBUKU,KIBUKU,KIBUKU,KIBUKU,KIBUKU,KIBUKU,Kibuku District,846643.0,1.0453,33.7993,229271.2657,1.0453,33.7993,3692.7566889599984,KIBUKU,0.009421902943815355,0.025506770726076183,0.437,1,False,0.01697373067527014,0.464,False,False
KWANIA,Kwania,"216,600",216600.0,APAC,APAC,APAC,KWANIA,KWANIA,KWANIA,Kwania District,387425.0,1.9033,32.7633,202344.6754,1.9033,32.7633,1914.6785020862476,KWANIA,0.007611741100546828,0.5383313834835468,0.234,1,False,0.2439426272268415,0.252,False,False
NABILATUK,Nabilatuk,"89,700",89700.0,NAKAPIRIPIRIT,NAKAPIRIPIRIT,NAKAPIRIPIRIT,NABILATUK,NABILATUK,NABILATUK,Nabilatuk District,190032.0,2.091,34.5971,103673.6483,2.091,34.5971,1832.9826635415125,NABILATUK,-0.01218777042718009,-0.918264254858231,0.143,2,False,0.45442022435670154,0.148,False,False
BUGWERI,Bugweri,"191,600",191600.0,IGANGA,IGANGA,IGANGA,BUGWERI,BUGWERI,BUGWERI,Bugweri District,462126.0,0.6116,33.5952,191457.8987,0.6116,33.5952,2413.721257455752,BUGWERI,0.00946779098057605,0.05335249389356519,0.426,1,False,0.027414670178565106,0.447,False,False
MADI OKOLLO,Madi Okollo,"164,200",164200.0,ARUA,ARUA,ARUA,ARUA,MADI OKOLLO,MADI-OKOLLO,Madi-Okollo District,611089.0,2.8218,31.2168,161812.097,2.8218,31.2168,3776.5347049423626,MADI-OKOLLO,2.1219957734104407,4.185786619122068,0.001,1,True,1.5881288956490085,0.001,True,False
KARENGA,Karenga,"68,500",68500.0,KAABONG,KAABONG,KAABONG,KAABONG,KARENGA,KARENGA,Karenga District,140698.0,3.5691,33.6931,76699.97985,3.5691,33.6931,1834.3942237684953,KARENGA,-0.011172435544550404,-0.7282835861586411,0.171,2,False,0.43274963726870913,0.18,False,False
NAMISINDWA,Namisindwa,"231,500",231500.0,MANAFWA,MANAFWA,NAMISINDWA,NAMISINDWA,NAMISINDWA,NAMISINDWA,Namisindwa District,173926.0,0.9054,34.3754,234639.7804,0.9054,34.3754,741.2468580711304,NAMISINDWA,0.40128487099475224,0.8858936096177603,0.168,3,False,-0.5072432860017303,0.157,False,False
BULAMBULI,Bulambuli,"230,600",230600.0,BULAMBULI,BULAMBULI,BULAMBULI,BULAMBULI,BULAMBULI,BULAMBULI,Bulambuli District,176743.0,1.4815,34.2866,208835.8364,1.4815,34.2866,846.3250515178343,BULAMBULI,0.28563452134959766,0.8881456304056983,0.172,3,False,-0.398648539889211,0.172,False,False
NGORA,Ngora,"165,800",165800.0,NGORA,NGORA,NGORA,NGORA,NGORA,NGORA,Ngora District,390667.0,1.4908,33.7518,181464.9711,1.4908,33.7518,2152.850754786801,NGORA,0.054572924717767014,0.6101094843749197,0.216,1,False,0.2737854346991065,0.23,False,False
KAPELEBYONG,Kapelebyong,"103,800",103800.0,AMURIA,AMURIA,AMURIA,KAPELEBYONG,KAPELEBYONG,KAPELEBYONG,Kapelebyong District,293267.0,2.211,33.7518,117798.1527,2.211,33.7518,2489.5721475944674,KAPELEBYONG,0.22155679574761833,1.2252227498363255,0.096,1,False,0.5075376515749189,0.1,False,False
MOYO,Moyo,"109,500",109500.0,MOYO,MOYO,MOYO,MOYO,MOYO,MOYO,Moyo District,476840.0,3.636,31.7651,103905.7438,3.636,31.7651,4589.1591991086825,MOYO,6.06395692102231,5.498980340875947,0.001,1,True,3.1989035637375456,0.002,True,False
NTOROKO,Ntoroko,"76,000",76000.0,NTOROKO,NTOROKO,NTOROKO,NTOROKO,NTOROKO,NTOROKO,Ntoroko District,47226.0,1.0125,30.3897,92584.78757,1.0125,30.3897,510.0837971280555,NTOROKO,0.3357323970577169,0.7233138048279988,0.216,3,False,-0.35570942711678866,0.226,False,False
BUNDIBUGYO,Bundibugyo,"263,800",263800.0,BUNDIBUGYO,BUNDIBUGYO,BUNDIBUGYO,BUNDIBUGYO,BUNDIBUGYO,BUNDIBUGYO,Bundibugyo District,508508.0,0.6852,0.0,247815.3567,0.6852,0.0,2051.9632308969008,BUNDIBUGYO,-0.10758722333861855,-1.6879745061159581,0.012,4,True,-0.8346102294220424,0.017,False,True
KIRYANDONGO,Kiryandongo,"313,800",313800.0,KIRYANDONGO,KIRYANDONGO,KIRYANDONGO,KIRYANDONGO,KIRYANDONGO,KIRYANDONGO,Kiryandongo District,508835.0,2.018,32.0837,321636.6907,2.018,32.0837,1582.0178938310412,KIRYANDONGO,-0.03825589353436765,-0.4189628253022827,0.274,2,False,0.18502456457397823,0.288,False,False
MITYANA,Mityana,"362,500",362500.0,MITYANA,MITYANA,MITYANA,MITYANA,MITYANA,MITYANA,Mityana District,521460.0,0.4016,32.044,373992.6004,0.4016,32.044,1394.3056612410987,MITYANA,0.03046019713791553,0.2550964191969368,0.446,3,False,-0.09254027406415193,0.42,False,False
KYOTERA,Kyotera,"261,000",261000.0,RAKAI,RAKAI,KYOTERA,KYOTERA,KYOTERA,KYOTERA,Kyotera District,450216.0,0.6359,31.5456,260756.3978,0.6359,31.5456,1726.5770036649892,KYOTERA,0.06429898758290259,1.407075969972852,0.045,3,True,-0.6286677883330127,0.05,False,False
GOMBA,Gomba,"173,800",173800.0,GOMBA,GOMBA,GOMBA,GOMBA,GOMBA,GOMBA,Gomba District,160621.0,0.223,31.6739,45817.58721,0.223,31.6739,3505.6625584365866,GOMBA,-0.3891789811181665,-0.8891673981499929,0.164,4,False,-0.32809961403767013,0.185,False,False
RAKAI,Rakai,"317,700",317700.0,RAKAI,RAKAI,RAKAI,RAKAI,RAKAI,RAKAI,Rakai District,502777.0,0.7083,31.3542,316915.772,0.7083,31.3542,1586.4688488902345,RAKAI,0.1116197689258756,1.1259985623648234,0.092,3,False,-0.5542987041549292,0.114,False,False
BUSHENYI,Bushenyi,"248,300",248300.0,BUSHENYI,BUSHENYI,BUSHENYI,BUSHENYI,BUSHENYI,BUSHENYI,Bushenyi District,105843.0,0.4875,30.1127,262692.3706,0.4875,30.1127,402.9161553426554,BUSHENYI,1.0193119694895916,2.231318098713069,0.001,3,True,-0.9892102464884422,0.001,False,True
ISINGIRO,Isingiro,"596,400",596400.0,ISINGIRO,ISINGIRO,ISINGIRO,ISINGIRO,ISINGIRO,ISINGIRO,Isingiro District,717025.0,0.8435,30.8039,570793.4366,0.8435,30.8039,1256.189987521661,ISINGIRO,0.3503262144835275,1.8098224809331296,0.013,3,True,-0.8062101890360288,0.01,False,True
RWAMPARA,Rwampara,"144,600",144600.0,MBARARA,MBARARA,MBARARA,MBARARA,RWAMPARA,RWAMPARA,Rwampara District,29043.0,0.7476,30.482,147832.5836,0.7476,30.482,196.4587189965068,RWAMPARA,1.1148429366384403,1.9176518617640579,0.006,3,True,-0.9510877757477257,0.004,False,True
HOIMA,Hoima,"374,500",374500.0,HOIMA,HOIMA,HOIMA,HOIMA,HOIMA,HOIMA,Hoima District,183442.0,1.6343,31.171,235276.2555,1.6343,31.171,779.6876893087071,HOIMA,0.1668642325967993,0.44576662417206314,0.333,3,False,-0.22151084901245321,0.344,False,False
KALAKI,Kalaki,"138,700",138700.0,KABERAMAIDO,KABERAMAIDO,KABERAMAIDO,KABERAMAIDO,KALAKI,KALAKI,Kalaki District,295675.0,0.0,0.0,132298.1315,0.0,0.0,2234.914406179652,KALAKI,0.08597506035391807,0.8175038264971649,0.162,1,False,0.33427436103157915,0.161,False,False
OBONGI,Obongi,"49,100",49100.0,MOYO,MOYO,MOYO,MOYO,OBONGI,OBONGI,Obongi District,453268.0,3.4335,31.5827,88471.6827,3.4335,31.5827,5123.3116197980935,OBONGI,6.004592033295817,5.407733673680709,0.001,1,True,2.6692912501990067,0.002,True,False
KAZO,Kazo,"217,600",217600.0,KIRUHURA,KIRUHURA,KIRUHURA,KIRUHURA,KAZO,KAZO,Kazo District,312469.0,0.3576,32.5571,195525.2574,0.3576,32.5571,1598.1004406032303,KAZO,0.042726385790262354,0.4871271423493223,0.327,3,False,-0.22206521301912266,0.31,False,False
ARUA,Terego,"233,700",233700.0,ARUA,ARUA,ARUA,ARUA,TEREGO,TEREGO,Terego District,991571.0,3.171,31.1252,266398.0692,3.171,31.1252,3722.1403404976327,TEREGO,-0.6998356610509915,-0.4940643951774209,0.369,4,False,-0.5257097439394742,0.344,False,False
ARUA,Arua,"517,300",517300.0,ARUA,ARUA,ARUA,ARUA,ARUA,ARUA,Arua District,166796.0,3.0018,30.9876,148681.039,3.0018,30.9876,1121.8377348035617,ARUA,-0.6998356610509915,-1.452088992792275,0.048,2,True,1.3128071034516633,0.066,False,False
