Region,District , 0-28 DAYS FEMALE ,0-28 DAYS MALE,0-28 DAYS TOTAL,10-19 YEARS FEMALE,10-19 YEARS MALE ,10-19 YRS TOTAL,20+ YRS FEMALE,20+ YRS MALE ,20+ YRS TOTAL,5-9YRS FEMALE,5-9YRS MALE,5-9YRS TOTAL,29 DAYS-4YRS FEMALE,29DAYS-4YRS MALE,29 DAYS - 4YRS TOTAL,0-28 DAYS (B/S & RDT) FEMALE ,0-28 DAYS (B/S & RDT) MALE ,0-28 DAYS  (B/S & RDT) TOTAL,10-19 YRS (B/S & RDT) FEMALE ,10-19 YRS (B/S & RDT) MALE,10-19 YRS  (B/S & RDT) TOTAL, 20+  (B/S &RDT) FEMALE , 20+  (B/S &RDT) MALE ,20 + (B/S & RDT) TOTAL,29DAYS-4YRS (B/S & RDT) FEMALE ,29DAYS-4YRS (B/S & RDT) MALE  ,29DAYS-4 YRS  (B/S & RDT) TOTAL,5-9YRS (B/S & RDT) FEMALE ,5-9YRS (B/S & RDT) MALE ,5-9YRS (B/S & RDT) TOTAL,0-28 DAYS FEMALE CT,0-28 DAYS MALE  CT,0-28 DAYS TOTAL CT,10-19 YRS FEMALE CT,10-19 YRS MALE CT,10-19 YRS CT TOTAL,20 + YRS FEMALE CT,20 + YRS  MALE CT,20 + YRS CT TOTAL,29DAYS - 4YRS FEMALE CT,29 DAYS - 4YRS MALE CT,29 DAYS - 4YRS  CT TOTAL,5-9YRS FEMALE CT,5-9YRS MALE CT,5-9YRS CT TOTAL,PREG 10-19YRS,PREG 20 + YRS,TOTAL PREG,TOTAL CASES  FEMALE,TOTAL CASES  MALE,GRAND TOTAL CASES,<5YRS FEMALES TOTAL  ,<5YRS MALE TOTAL,< 5YRS GRAND TOTAL,POPULATION IN 2014,POPULATION IN 2024,AREA(Km2),ANNUAL GROWTH RATE[Pt?=P0?×(1+r)t],TOTAL POPULATION,POPULATION DENSITY(People per km2),CORDINATES (LATITUDE ° N),CORDINATES (LONGITUDE ° E)
Karamoja,Abim District,2,5,7,13939,6695,20634,15856,7109,22965,7006,5270,12276,15415,13468,28883,2,5,7,13652,6564,20216,15352,6805,22157,14961,13081,28042,6903,5160,12063,2,4,6,13325,6427,19752,14997,6756,21753,14589,12773,27362,6710,5033,11743,674,1323,1997,52218,32547,84765,15417,13473,28890,107966,144084,2301,1.029278437,132134.7761,57.42493529,2.7067,33.6595
Acholi,Acholi,368,310,678,246462,132169,378631,228667,82226,310893,112043,87522,199565,131628,124808,256436,234,190,424,235954,126860,362814,207769,73865,281634,124793,118285,243078,106957,83803,190760,225,189,414,235560,126902,362462,208626,73592,282218,126070,118347,244417,106912,83896,190808,8552,17185,25737,719168,427035,1146203,131996,125118,257114,1500762,2044355,28522,1.031393639,1863300.782,65.32854577,,
West Nile,Adjumani District,24,15,39,63279,44827,108106,60259,26891,87150,37122,29949,67071,45284,42358,87642,12,13,25,61302,43442,104744,56951,25619,82570,43590,40939,84529,35920,29501,65421,12,12,24,61216,43362,104578,56278,25400,81678,43501,40583,84084,35651,28580,64231,1226,3460,4686,205968,144040,350008,45308,42373,87681,107966,144084,2301,1.029278437,132134.7761,57.42493529,3.2549,31.7195
Acholi,Agago District,25,21,46,40202,20974,61176,38604,11565,50169,16133,12026,28159,18736,17591,36327,19,19,38,39030,20462,59492,36406,11134,47540,18095,17080,35175,15710,11723,27433,18,19,37,38999,20410,59409,36706,11126,47832,18492,17124,35616,15620,11751,27371,1154,2459,3613,113700,62177,175877,18761,17612,36373,227792,307235,3493,1.03037004,280860.7314,80.40673672,2.9251, 33.3486
Lango,Alebtong District,50,32,82,18176,8163,26339,24600,6883,31483,11431,8883,20314,15520,14135,29655,50,32,82,18108,8111,26219,24420,6816,31236,15491,14097,29588,11399,8848,20247,49,32,81,17935,8038,25973,24143,6728,30871,15231,13818,29049,11292,8757,20049,1121,2262,3383,69777,38096,107873,15570,14167,29737,227541,283509,1534,1.022234935,265408.4183,173.0172218,2.2914,33.2139
Lango,Amolatar District,3,5,8,13572,8032,21604,15140,6861,22001,7990,7019,15009,7601,7285,14886,3,5,8,13571,8032,21603,15040,6860,21900,7601,7275,14876,7990,7019,15009,3,5,8,13364,7951,21315,14955,6829,21784,7536,7213,14749,7928,6953,14881,430,818,1248,44306,29202,73508,7604,7290,14894,147166,188715,1163,1.025179454,175148.6284,150.6007123,1.6054,32.8084
Karamoja,Amudat District,11,3,14,2942,2409,5351,5239,2181,7420,2678,2342,5020,4487,4121,8608,10,1,11,2753,2321,5074,4664,2024,6688,4294,3925,8219,2608,2296,4904,10,1,11,2722,2311,5033,4632,2022,6654,4181,3853,8034,2586,2266,4852,163,368,531,15357,11056,26413,4498,4124,8622,105769,203358,1616,1.067555067,167143.8505,103.4306006,1.7916,34.9066
Teso,Amuria District,25,20,45,19750,8627,28377,19801,6933,26734,8714,6137,14851,7704,7397,15101,23,18,41,19463,8566,28029,19399,6857,26256,7575,7288,14863,8636,6107,14743,23,18,41,19209,8450,27659,19117,6768,25885,7498,7200,14698,8536,6020,14556,728,1326,2054,55994,29114,85108,7729,7417,15146,183348,251653,1383,1.032173235,228846.53,165.471099,2.0302,33.6428
Acholi,Amuru District,11,11,22,26380,13275,39655,24407,9129,33536,12013,9420,21433,14648,13927,28575,11,10,21,25422,12986,38408,22529,8402,30931,14178,13478,27656,11757,9150,20907,10,10,20,25104,12815,37919,22111,8261,30372,13974,13297,27271,11640,9050,20690,768,1352,2120,77459,45762,123221,14659,13938,28597,186696,247574,3619,1.028624826,227475.1853,62.85581245,3.1042,32.0837
Ankole,Ankole,109,81,190,76663,61300,137963,128784,80583,209367,36623,30960,67583,35235,32390,67625,85,58,143,72597,58828,131425,117923,73939,191862,32967,30226,63193,34958,29330,64288,79,55,134,70604,57177,127781,115939,73544,189483,32654,30019,62673,34148,28677,62825,1298,4247,5545,277414,205314,482728,35344,32471,67815,2895631,3608968,15067,1.022266152,3378244.568,224.2148117,,
Lango,Apac District,17,9,26,13082,6459,19541,17579,8662,26241,4359,3405,7764,5179,4642,9821,13,6,19,12835,6355,19190,16973,8257,25230,5038,4509,9547,4299,3363,7662,13,6,19,12828,6348,19176,16933,8243,25176,5015,4489,9504,4293,3355,7648,706,1518,2224,40216,23177,63393,5196,4651,9847,185322,221962,1783,1.018204859,210267.9759,117.9293191,1.8445,32.4014
West Nile,Arua City,31,74,105,12730,7367,20097,21367,11162,32529,6310,5169,11479,8427,8325,16752,32,35,67,11629,6730,18359,22033,9757,31790,7862,7764,15626,5851,4626,10477,26,10,36,12263,7049,19312,20627,11006,31633,8110,7962,16072,6064,4811,10875,1576,3338,4914,48865,32097,80962,8458,8399,16857,309052,384656,404,1.022125199,360213.6992,891.6180672,3.0274,30.9071
West Nile,Arua District,2,7,9,7842,4172,12014,7076,3080,10156,3554,2712,6266,2964,2858,5822,2,7,9,7709,4074,11783,6838,2988,9826,2900,2751,5651,3466,2640,6106,2,7,9,7766,4139,11905,6963,3042,10005,2949,2825,5774,9424,2669,12093,337,548,885,21438,12829,34267,2966,2865,5831,133534,159722,800,1.018069175,151367.5827,189.2094783,3.0018,30.9876
Bukedi,Budaka District,13,5,18,11742,4857,16599,16516,3826,20342,10501,7745,18246,15551,13566,29117,13,5,18,11693,4828,16521,16379,3765,20144,15500,13487,28987,10417,7722,18139,13,5,18,11493,4743,16236,16128,3712,19840,15173,13222,28395,10284,7592,17876,776,1520,2296,54323,29999,84322,15564,13571,29135,207597,281537,410,1.030935371,256945.5833,626.6965447,1.1005,34.0196
Bugisu,Bududa District,0,1,1,3119,2037,5156,4818,2994,7812,1123,1069,2192,1410,1377,2787,0,1,1,3072,2025,5097,4797,2959,7756,1380,1343,2723,1109,1055,2164,0,1,1,2999,1975,4974,4602,2848,7450,1334,1307,2641,1081,1031,2112,294,414,708,10470,7478,17948,1410,1378,2788,210173,26897,318,0.814165494,49838.5923,156.725133,1.003,34.3338
Busoga,Bugiri District,62,33,95,14633,7724,22357,24941,9901,34842,13380,10611,23991,18442,16720,35162,61,32,93,14590,7697,22287,24789,9830,34619,18402,16677,35079,13344,10582,23926,61,32,93,14478,7644,22122,24823,9692,34515,18143,16414,34557,13238,10500,23738,1128,2339,3467,71458,44989,116447,18504,16753,35257,382913,480345,1033,1.022928589,448763.2922,434.4271947,0.5316, 33.7518
Bugisu,Bugisu,252,188,440,55839,35698,91537,101701,59699,161400,30253,24375,54628,45024,39420,84444,240,185,425,53078,34124,87202,95477,54281,149758,43011,37691,80702,29000,23320,52320,240,185,425,52405,33798,86203,94332,53625,147957,42692,37296,79988,28696,23139,51835,4481,7430,11911,233069,159380,392449,45276,39608,84884,1469892,1827757,2447,1.022029197,1712097.712,699.6721342,1.0783,34.1737
Busoga,Bugweri District,11,8,19,11559,6409,17968,19515,8065,27580,7901,6431,14332,11031,10163,21194,11,8,19,11504,6367,17871,19352,7989,27341,10990,10117,21107,7931,6386,14317,11,8,19,11414,6331,17745,19064,7926,26990,10860,9993,20853,7800,6329,14129,844,1490,2334,50017,31076,81093,11042,10171,21213,164886,211511,302,1.025214919,196285.4942,649.9519675,0.6116,33.5952
Ankole,Buhweju District,0,0,0,430,415,845,644,547,1191,299,169,468,202,161,363,0,0,0,428,412,840,642,543,1185,202,161,363,297,169,466,0,0,0,421,406,827,630,532,1162,201,161,362,296,169,465,4,16,20,1575,1292,2867,202,161,363,12072,167921,751,1.301165617,76226.72766,101.5003031,0.3558,30.3897
North Central,Buikwe District,44,18,62,17115,14064,31179,31039,20409,51448,11158,8763,19921,15491,13924,29415,36,17,53,15945,11256,27201,27397,18939,46336,14442,12928,27370,10618,8344,18962,35,17,52,15735,11142,26877,26983,18625,45608,14258,12766,27024,10496,8224,18720,983,2238,3221,74847,57178,132025,15535,13942,29477,422771,520158,1270,1.020946558,488794.4368,384.8775093,0.2827, 33.0339
Teso,Bukedea District,14,13,27,9429,4294,13723,15754,5672,21426,4005,2732,6737,5581,5020,10601,14,13,27,9421,4272,13693,15597,5648,21245,5541,5008,10549,4002,2730,6732,14,13,27,9302,4227,13529,15558,5607,21165,5385,4890,10275,3910,2687,6597,1050,2468,3518,34783,17731,52514,5595,5033,10628,203600,282864,1032,1.033427444,256293.5679,248.3464805,1.3557,34.1087
Bukedi,Bukedi,187,167,354,124341,66581,190922,185386,66730,252116,95192,74681,169873,128351,115093,243444,170,156,326,122258,65604,187862,180215,64912,245127,125908,112732,238640,93926,73927,167853,172,158,330,120541,64497,185038,177309,65332,242641,124283,111592,235875,92579,72725,165304,5848,11421,17269,533457,323252,856709,128538,115260,243798,1881415,2372489,4504,1.023462561,2213035.221,491.3488502,,
South Central,Bukomansimbi District,4,1,5,3616,3156,6772,5218,2924,8142,2400,2257,4657,2866,2824,5690,4,59,63,3606,3152,6758,5206,2921,8127,2871,2826,5697,2398,2250,4648,4,1,5,3618,3145,6763,5216,2916,8132,2875,2821,5696,2426,2268,4694,79,325,404,14104,11162,25266,2870,2825,5695,151413,197568,600,1.026964294,182410.81,304.0180166,0.1433,31.6055
Bugisu,Bukwo District,0,0,0,2206,1847,4053,2655,2462,5117,1333,1192,2525,1070,953,2023,0,0,0,1822,1576,3398,2061,2001,4062,868,769,1637,1119,999,2118,0,0,0,1785,1532,3317,2009,1970,3979,851,763,1614,1105,993,2098,76,124,200,7264,6454,13718,1070,953,2023,89356,114396,525,1.025011439,106224.5019,202.3323845,1.2819,34.7299
Bugisu,Bulambuli District,4,7,11,4273,2425,6698,8610,4657,13267,2269,1530,3799,2709,2603,5312,4,7,11,4042,2289,6331,8184,4411,12595,2505,2398,4903,2103,1437,3540,4,7,11,4030,2305,6335,8165,4368,12533,2563,2467,5030,2151,1465,3616,394,712,1106,17865,11222,29087,2713,2610,5323,174513,235391,695,1.030377121,215179.668,309.6110331,1.4815,34.2866
Bunyoro,Buliisa District,2,2,4,10155,5435,15590,11557,4807,16364,6937,5645,12582,10871,10341,21212,2,2,4,9343,5034,14377,10066,4236,14302,9937,9463,19400,6354,5187,11541,1,2,3,9598,4994,14592,9930,4373,14303,9858,9252,19110,6376,5160,11536,873,1949,2822,39522,26230,65752,10873,10343,21216,113161,167894,1367,1.040240696,149153.5712,109.1101472,1.8992,31.3542
Tooro,Bundibugyo District,39,25,64,14986,8470,23456,28669,14372,43041,9003,6575,15578,11791,10313,22104,38,137,175,14760,8344,23104,28169,14121,42290,11672,10176,21848,8884,6496,15380,38,25,63,14850,8397,23247,28311,14265,42576,11729,10211,21940,8927,6523,15450,649,1240,1889,64488,39755,104243,11830,10338,22168,224387,264778,850,1.016689692,251951.3187,296.4133162,0.6852, 30.0203
Tooro,Bunyangabu District,5,0,5,2210,1953,4163,3535,2766,6301,1193,1054,2247,1283,1252,2535,6,7,13,2089,1840,3929,3310,2606,5916,1179,1161,2340,1150,1006,2156,6,0,6,1932,1718,3650,3175,2507,5682,1108,1124,2232,1084,938,2022,66,151,217,8226,7025,15251,1288,1252,2540,170247,219012,466,1.025507508,203072.6229,435.7781606,0.4871,30.2051
Bunyoro,Bunyoro,187,120,307,82318,51529,133847,114175,60677,174852,48851,35898,84749,71861,63768,135629,107,96,203,77036,48683,125719,106182,54428,160610,64624,59363,123987,41543,33712,75255,122,102,224,77694,81994,159688,104570,55337,159907,64501,59366,123867,41980,34095,76075,6624,14567,21191,317392,211992,529384,72048,63888,135936,2028545,2792732,16580,1.032486689,2537323.705,153.0352053,,
Ankole,Bushenyi District,1,1,2,3785,3700,7485,5362,3778,9140,1426,1281,2707,1066,1021,2087,1,1,2,3688,3640,7328,5060,3481,8541,1037,996,2033,1396,1251,2647,1,1,2,3648,3600,7248,4983,3408,8391,1025,988,2013,1374,1232,2606,59,172,231,11640,9781,21421,1067,1022,2089,234443,283392,845,1.019142779,267721.0326,316.8296243,0.4875,30.1127
Bukedi,Busia District,37,23,60,26108,15751,41859,43824,19375,63199,16144,12730,28874,24129,22636,46765,31,19,50,25762,15670,41432,42438,19190,61628,23935,22395,46330,16159,12690,28849,31,19,50,25602,15503,41105,42487,19036,61523,23915,22268,46183,16115,12642,28757,1175,2051,3226,110242,70515,180757,24166,22659,46825,323662,412671,729,1.024592621,383663.3188,526.2871315,0.4045,34.0196
Busoga,Busoga,550,344,894,226136,125602,351738,414857,193383,608240,152472,116145,268617,245207,214054,459261,502,294,796,221532,122312,343844,402648,185745,588393,239260,209133,448393,149330,113151,262481,496,290,786,218995,120774,339769,397286,183248,580534,236412,206510,442922,147459,111730,259189,22073,43619,65692,1039222,649528,1688750,245757,214398,460155,3583196,4363295,9443,1.019892507,4112930.519,435.5533748,,
Bukedi,Butaleja District,11,8,19,15273,8170,23443,23395,8194,31589,13478,10801,24279,18624,16937,35561,7,5,12,14360,7719,22079,20967,7443,28410,17197,15568,32765,12688,10430,23118,8,6,14,14080,7690,21770,20223,8995,29218,16987,15517,32504,12793,10428,23221,578,1206,1784,70781,44110,114891,18635,16945,35580,244153,312771,655,1.025076887,290373.6171,443.3184994,,
South Central,Butambala District,0,4,4,5122,4810,9932,5936,3672,9608,2420,2441,4861,2391,2220,4611,0,2,2,4634,4491,9125,5220,3323,8543,2121,1963,4084,2208,2262,4470,0,2,2,4526,4399,8925,5147,3282,8429,2091,1933,4024,2157,2216,4373,101,367,468,15869,13147,29016,2391,2224,4615,10084,146516,405,1.306848434,65646.16932,162.089307,0.1742,32.1065
Bukedi,Butebo District,26,27,53,10547,4945,15492,14872,4859,19731,8377,6177,14554,9502,8436,17938,26,27,53,10508,4931,15439,14782,4839,19621,9486,8408,17894,8362,6165,14527,25,27,52,10088,4432,14520,14387,4409,18796,9103,8134,17237,7668,5574,13242,275,768,1043,43324,24444,67768,9528,8463,17991,111762,171433,236,1.043710436,150783.683,638.9139111,1.2393,33.83
North Central,Buvuma District,1,2,3,2844,1663,4507,5993,3253,9246,1885,1532,3417,3456,3054,6510,1,2,3,2801,1637,4438,5820,3161,8981,3360,2941,6301,1855,1513,3368,1,2,3,2819,1646,4465,5754,3182,8936,3393,2994,6387,1867,1510,3377,226,455,681,14179,9504,23683,3457,3056,6513,8989,110832,296,1.285568963,52164.97857,176.2330357,0.3765,33.2588
Busoga,Buyende District,57,49,106,8446,4311,12757,14990,6982,21972,5733,4484,10217,12751,12098,24849,57,49,106,8445,4314,12759,15233,6981,22214,12749,12099,24848,5733,4484,10217,57,49,106,8445,4311,12756,14990,6981,21971,12751,12090,24841,5733,4484,10217,2784,4775,7559,41977,27924,69901,12808,12147,24955,323067,403486,1379,1.022477093,377457.1956,273.7180534,1.2414,33.1239
Lango,Dokolo District,14,10,24,20098,8711,28809,24031,6910,30941,10773,8063,18836,14315,12315,26630,14,9,23,18837,8143,26980,22332,6194,28526,13490,11588,25078,10163,7599,17762,14,8,22,18602,7961,26563,22127,6360,28487,13342,11397,24739,9939,7342,17281,1416,2282,3698,69231,36009,105240,14329,12325,26654,183093,215625,1004,1.016489126,205300.9225,204.4829906,1.9131,33.1717
Tooro,Fort Portal City,7,6,13,969,815,1784,2387,1839,4226,550,460,1010,622,531,1153,8,14,22,879,762,1641,2055,1719,3774,562,488,1050,499,447,946,8,4,12,877,764,1641,2088,1709,3797,557,494,1051,504,439,943,42,138,180,4535,3651,8186,629,537,1166,10224,137549,127,1.296831825,63067.62235,496.5954516,0.6546,30.2801
South Central,Gomba District,3,0,3,5003,4084,9087,7448,5610,13058,2571,2212,4783,2156,2012,4168,3,0,3,4543,3731,8274,6646,4989,11635,1951,1831,3782,2294,1967,4261,3,0,3,4998,4082,9080,7421,5592,13013,2153,120894,123047,2571,2212,4783,141,460,601,17181,13918,31099,2159,2012,4171,159922,19912,1670,0.811933886,37200.85164,22.27595906,0.223,31.6739
Acholi,Gulu City,147,149,296,9645,6377,16022,18585,11034,29619,5755,5126,10881,8412,8186,16598,50,52,102,7159,4593,11752,10617,5821,16438,5805,5617,11422,4311,3734,8045,49,51,100,7003,4405,11408,10255,5581,15836,5614,5556,11170,4075,3586,7661,647,1573,2220,42544,30872,73416,8559,8335,16894,185042,233271,222,1.023432122,217612.3906,980.2359936,2.7743,32.2882
Acholi,Gulu District,9,6,15,21288,10150,31438,19811,6445,26256,9564,7217,16781,11003,10114,21117,9,6,15,18755,8959,27714,17022,5824,22846,9880,9059,18939,8508,6474,14982,9,5,14,20648,9888,30536,19061,6310,25371,10687,9764,20451,9304,6990,16294,1028,1737,2765,61675,33932,95607,11012,10120,21132,108428,135373,1721,1.022442893,126652.8222,73.59257535,2.955,32.4467
Bunyoro,Hoima City,1,2,3,2266,1720,3986,5867,3936,9803,1043,909,1952,1941,1653,3594,0,1,1,1921,1426,3347,4482,3001,7483,1660,1406,3066,872,788,1660,0,1,1,2030,1489,3519,4770,3006,7776,1721,1452,3173,898,815,1713,112,231,343,11118,8220,19338,1942,1655,3597,100099,143304,227,1.036532342,128679.6114,566.8705348,1.4274,31.3484
Bunyoro,Hoima District,1,2,3,3911,2239,6150,4951,2509,7460,2137,1568,3705,3153,2849,6002,1,1,2,3845,2205,6050,4854,2396,7250,3098,2795,5893,2109,1542,3651,4,5,9,3857,2183,6040,4808,2381,7189,3093,2773,5866,2067,1528,3595,696,1207,1903,14153,9167,23320,3154,2851,6005,205432,257544,1341,1.022865037,240655.8559,179.459997,1.6343,31.171
Ankole,Ibanda District,7,8,15,19716,14786,34502,35514,21555,57069,8361,7016,15377,7151,6277,13428,1,5,6,17856,13681,31537,31713,18865,50578,6386,5547,11933,7609,6147,13756,1,5,6,17365,13277,30642,30857,18520,49377,6279,5388,11667,7502,6035,13537,305,791,1096,70749,49642,120391,7158,6285,13443,249625,309466,622,1.021721392,290145.2616,466.4714816,0.0966,30.4818
Busoga,Iganga District,34,19,53,30037,18056,48093,53929,26054,79983,18151,14109,32260,25978,22825,48803,30,18,48,28974,17169,46143,51858,24688,76546,25065,22211,47276,17473,13484,30957,29,17,46,28196,16631,44827,50548,23515,74063,24647,21666,46313,16915,13100,30015,1871,4206,6077,128129,81063,209192,26012,22844,48856,339311,426958,633,1.023242857,398518.9621,629.57182,0.7236,33.4832
Ankole,Isingiro District,9,2,11,19619,14886,34505,34204,21570,55774,11465,9073,20538,14141,13268,27409,9,2,11,19114,14588,33702,32199,20127,52326,13495,12525,26020,11195,8829,20024,9,2,11,18441,14082,32523,32444,20951,53395,13569,12760,26329,10880,8586,19466,445,1189,1634,79438,58799,138237,14150,13270,27420,486360,635077,2536,1.027038806,586227.0097,231.1620701,0.8435,30.8039
Busoga,Jinja City,146,69,215,10116,6417,16533,22781,12949,35730,6078,5208,11286,8749,8014,16763,113,28,141,8684,5572,14256,18067,9472,27539,7310,6740,14050,5092,4222,9314,112,26,138,8451,5414,13865,17495,9249,26744,7096,6490,13586,4929,4106,9035,372,1245,1617,47870,32657,80527,8895,8083,16978,247074,279184,179,1.012293266,269135.8067,1503.551993,0.5349,33.2139
Busoga,Jinja District,38,26,64,16497,9211,25708,31265,15108,46373,11286,8339,19625,18488,15081,33569,34,24,58,15670,8742,24412,28949,14175,43124,17465,14257,31722,10842,7994,18836,34,23,57,15415,8672,24087,28504,14027,42531,17159,14004,31163,10675,7916,18591,845,1804,2649,77574,47765,125339,18526,15107,33633,224168,280905,499,1.022818525,262520.7968,526.0937812,0.5349,33.2139
Karamoja,Kaabong District,181,114,295,5302,3805,9107,11093,5919,17012,3060,2797,5857,8421,8039,16460,13,18,31,5191,3721,8912,10646,5700,16346,8233,7899,16132,3006,2665,5671,13,18,31,5178,3708,8886,10582,5668,16250,8229,7894,16123,2988,2657,5645,137,1131,1268,28057,20674,48731,8602,8153,16755,116646,264631,4751,1.085368184,206970.9808,43.56366677,3.5696,34.242
Kigezi,Kabale District,1,0,1,330,341,671,1220,1683,2903,120,75,195,184,169,353,1,0,1,297,320,617,1165,1620,2785,155,140,295,111,65,176,1,0,1,290,306,596,1088,1532,2620,150,146,296,109,64,173,1,37,38,1855,2268,4123,185,169,354,230609,285588,561,1.021612905,267843.3353,477.4391003,1.3505,30.0203
Tooro,Kabarole District,15,1,16,3603,3102,6705,8163,6148,14311,2020,1790,3810,2409,2254,4663,1,1,2,3059,2682,5741,6902,5153,12055,1997,1745,3742,1780,1590,3370,1,1,2,2970,2580,5550,6760,5180,11940,1860,1663,3523,1634,1472,3106,44,211,255,16210,13295,29505,2424,2255,4679,196749,230368,1184,1.015900003,219719.8361,185.5741859,0.6833, 30.2974
Teso,Kaberamaido District,20,3,23,15630,8646,24276,14706,5369,20075,8163,6736,14899,9487,8704,18191,20,3,23,14795,8307,23102,14715,4999,19714,9044,8221,17265,7840,6402,14242,20,3,23,15181,8381,23562,13941,5012,18953,9162,8359,17521,7922,6527,14449,743,1273,2016,48006,29458,77464,9507,8707,18214,105152,140986,689,1.02975959,129112.5485,187.391217,1.6325, 33.1239
Bunyoro,Kagadi District,12,12,24,11592,7575,19167,17745,10011,27756,6131,4824,10955,7282,6993,14275,9,9,18,10853,7197,18050,17125,9301,26426,6810,6145,12955,5718,4513,10231,8,10,18,10751,7080,17831,16184,9197,25381,6431,5947,12378,5683,4411,10094,1018,1712,2730,42762,29415,72177,7294,7005,14299,351033,471111,1420,1.029858434,431311.1198,303.7402252,0.95,30.8
Bunyoro,Kakumiro District,6,6,12,9677,6061,15738,14353,6834,21187,5004,4025,9029,7309,6217,13526,5,4,9,9322,5839,15161,13726,6475,20201,7013,5986,12999,4840,3900,8740,5,3,8,9219,5760,14979,13586,6460,20046,6930,5929,12859,4744,3815,8559,738,1881,2619,36349,23143,59492,7315,6223,13538,293108,428176,1701,1.038626657,382158.8542,224.6671688,1.0028,31.3084
Teso,Kalaki District,28,30,58,9893,4410,14303,9176,3183,12359,6027,4868,10895,6082,5911,11993,28,30,58,9893,4410,14303,9176,3183,12359,6082,5911,11993,6027,4868,10895,28,30,58,9655,4269,13924,8990,3150,12140,5969,5789,11758,5845,4724,10569,563,1301,1864,31206,18402,49608,6110,5941,12051,109874,149736,658,1.031438004,136457.3207,207.3819463,,
South Central,Kalangala District,11,81,92,1357,1224,2581,3597,3681,7278,876,787,1663,1089,1088,2177,10,4,14,1286,1210,2496,3475,3629,7104,1044,1070,2114,802,737,1539,10,4,14,1259,1172,2431,3434,3573,7007,1047,1055,2102,794,736,1530,37,334,371,6930,6861,13791,1100,1169,2269,54293,74411,452,1.03202289,67696.95749,149.7720298,0.6351,32.5373
Busoga,Kaliro District,46,39,85,12549,6560,19109,26866,13294,40160,7617,5271,12888,15155,13371,28526,44,37,81,12523,6547,19070,26757,13269,40026,15098,13316,28414,7587,5262,12849,44,37,81,12431,6491,18922,26488,13158,39646,15034,13259,28293,7570,5242,12812,3339,5615,8954,62233,38535,100768,15201,13410,28611,286397,236199,779,0.980914059,250256.3912,321.2533905,0.8927,33.5028
South Central,Kalungu District,8,9,17,4178,3372,7550,5420,3180,8600,2069,1926,3995,2090,2178,4268,16,7,23,4016,3254,7270,5050,2972,8022,1904,1989,3893,2011,1860,3871,16,7,23,3956,3214,7170,4827,2889,7716,1909,1976,3885,1944,1831,3775,138,395,533,13765,10665,24430,2098,2187,4285,174368,221569,790,1.024245869,206203.6432,261.0172699,0.0953,31.7651
Kampala,Kampala,707,659,1366,23499,19083,42582,62017,52319,114336,16314,15567,31881,20008,19255,39263,263,228,491,15280,12683,27963,37183,32677,69860,12461,12077,24538,10551,9820,20371,297,249,546,14883,12338,27221,36888,32950,69838,12352,11765,24117,11227,9614,20841,1046,3498,4544,122545,106883,229428,20715,19914,40629,1507080,1797722,195,1.017791039,1705087.479,8744.038353,0.3152,32.5816
Kampala,Kampala District,707,659,1366,23499,19083,42582,62017,52319,114336,16314,15567,31881,20008,19255,39263,263,228,491,15280,12683,27963,37183,32677,69860,12461,12077,24538,10551,9820,20371,297,249,546,14883,12338,27221,36888,32950,69838,12352,11765,24117,11227,9614,20841,1046,3498,4544,122545,106883,229428,20715,19914,40629,1507080,1797722,195,1.017791039,1705087.479,8744.038353,0.3152,32.5816
Busoga,Kamuli District,33,9,42,42587,23236,65823,73779,34521,108300,26376,19245,45621,50512,41748,92260,30,9,39,41998,22829,64827,72275,33746,106021,49326,40781,90107,25972,18905,44877,30,9,39,40923,22280,63203,70424,32906,103330,47711,39696,87407,25316,18326,43642,4123,7284,11407,193287,118759,312046,50545,41757,92302,486319,540252,1515,1.01057259,523472.4615,345.5263772,0.9187,33.1239
Tooro,Kamwenge District,99,146,245,24444,15246,39690,32876,16030,48906,12581,9555,22136,16332,14914,31246,99,75,174,23487,14848,38335,31037,15421,46458,15914,14414,30328,12279,9292,21571,95,80,175,22636,14382,37018,30157,15094,45251,15064,13762,28826,11809,8865,20674,713,2349,3062,86332,55891,142223,16431,15060,31491,270668,337167,1695,1.022211623,315662.2279,186.2314029,0.2903,30.574
Kigezi,Kanungu District,8,8,16,10267,8108,18375,14192,8964,23156,4285,3520,7805,4341,3761,8102,11,5,16,9841,7761,17602,13411,8508,21919,4192,3648,7840,4161,3409,7570,11,5,16,9995,7855,17850,13759,8683,22442,4186,3673,7859,4161,3433,7594,156,516,672,33093,24361,57454,4349,3769,8118,252144,310062,1275,1.020892447,291412.7654,228.5590317,0.8195, 29.7426
Bugisu,Kapchorwa District,4,3,7,913,830,1743,2017,1445,3462,478,424,902,429,399,828,4,3,7,853,800,1653,1860,1380,3240,405,376,781,456,411,867,4,3,7,844,793,1637,1843,1371,3214,400,369,769,452,409,861,9,27,36,3841,3101,6942,433,402,835,105186,133621,212,1.024216287,124365.4325,586.6293984,1.3514,34.3754
Teso,Kapelebyong District,11,9,20,10159,4269,14428,12033,4024,16057,3753,2573,6326,2903,2571,5474,11,9,20,10119,4257,14376,12020,4001,16021,2890,2561,5451,3734,2557,6291,11,9,20,10144,4257,14401,12070,4001,16071,2891,2556,5447,3734,2557,6291,638,1133,1771,28859,13446,42305,2914,2580,5494,87580,143536,1203,1.050644012,123763.9238,102.8794047,2.211,33.7518
Karamoja,Karamoja,356,287,643,58185,34250,92435,96868,46516,143384,40584,32024,72608,114916,103483,218399,140,129,269,55677,32623,88300,88970,42640,131610,110343,99546,209889,39328,30923,70251,140,132,272,55293,32561,87854,88788,42941,131729,109376,98718,208094,39059,30783,69842,2879,7301,10180,310909,216560,527469,115272,103770,219042,965010,1496117,27407,1.044824564,1311702.767,47.8601367,2.8309,34.1532
Karamoja,Karenga District,5,1,6,4931,2811,7742,7468,3102,10570,2326,1728,4054,5220,5244,10464,5,1,6,4890,2759,7649,7740,3031,10771,5082,5064,10146,2283,1893,4176,5,1,6,4882,2756,7638,7691,3020,10711,5091,5077,10168,2291,1798,4089,252,692,944,19950,12886,32836,5225,5245,10470,51233,100375,25702,1.069565971,82035.68843,3.191801744,3.5691,33.6931
Tooro,Kasese District,112,70,182,32850,27984,60834,50210,32629,82839,14747,12983,27730,15789,14368,30157,99,58,157,31062,26771,57833,46013,31676,77689,14561,13197,27758,13940,12242,26182,99,58,157,30287,26017,56304,46285,30180,76465,14055,12798,26853,13433,11841,25274,665,1236,1901,113708,88034,201742,15901,14438,30339,694987,853831,2795,1.020797326,802700.156,287.191469,0.1699, 30.0781
North Central,Kassanda District,13,12,25,7820,5728,13548,13257,7436,20693,5060,4300,9360,6004,5449,11453,7,6,13,7593,5737,13330,12967,7307,20274,5715,5335,11050,4960,4271,9231,7,6,13,7338,5523,12861,12104,6950,19054,5563,5167,10730,4745,4098,8843,685,1964,2649,32154,22925,55079,6017,5461,11478,271544,314008,1819,1.014635493,300614.9413,165.263849,0.5761,31.7195
Teso,Katakwi District,7,4,11,26263,13275,39538,28535,12909,41444,13571,10264,23835,15045,13699,28744,7,4,11,26151,13261,39412,28499,12793,41292,15038,13693,28731,13558,10246,23804,7,4,11,25727,13062,38789,27761,12598,40359,14454,13151,27605,13241,10396,23637,2186,4990,7176,83421,50151,133572,15052,13703,28755,166231,234332,2306,1.03493234,211395.4934,91.67193991,1.9142,33.9583
North Central,Kayunga District,16,19,35,14895,9052,23947,22324,11875,34199,8105,6515,14620,12079,11362,23441,16,39,55,14765,8985,23750,22190,11839,34029,11958,11266,23224,8039,6457,14496,16,18,34,14617,8858,23475,21899,11614,33513,11770,11136,22906,7927,6394,14321,1156,2546,3702,57419,38823,96242,12095,11381,23476,368062,439175,1596,1.017821599,416507.3038,260.9694886,0.7014,32.9029
Ankole,Kazo District,49,38,87,10388,7994,18382,13221,7927,21148,4858,4032,8890,3095,2785,5880,38,28,66,9915,7719,17634,12137,7513,19650,2911,2635,5546,4630,3856,8486,32,23,55,9545,7394,16939,11762,7281,19043,2783,2522,5305,4446,3700,8146,147,721,868,31611,22776,54387,3144,2823,5967,177054,208898,1558,1.016676661,198785.9659,127.5904787,0.3576,32.5571
Bunyoro,Kibaale District,25,19,44,4076,2685,6761,6224,3755,9979,1949,1596,3545,3287,3017,6304,14,8,22,3807,2450,6257,5692,3316,9008,3094,2853,5947,1788,1445,3233,15,9,24,3777,2419,6196,5665,3328,8993,3047,2750,5797,1785,1428,3213,433,1168,1601,15561,11072,26633,3312,3036,6348,140947,237649,1153,1.053629727,203175.7842,176.2149039,0.8088,31.0335
North Central,Kiboga District,1,5,6,6139,12661,18800,10088,6987,17075,3609,3318,6927,4347,4339,8686,1,5,6,6037,5343,11380,9624,6693,16317,4116,4003,8119,3528,3241,6769,1,5,6,5928,5186,11114,9416,6633,16049,4048,3961,8009,3487,3168,6655,182,569,751,24184,27310,51494,4348,4344,8692,148218,183255,1586,1.02144618,171952.8458,108.4191966,0.8658,31.9473
Bukedi,Kibuku District,11,8,19,17881,8034,25915,25790,6332,32122,15276,11754,27030,20530,17616,38146,6,7,13,17692,7901,25593,25612,6203,31815,20353,17538,37891,15144,11629,26773,6,7,13,17663,7913,25576,25580,6207,31787,20353,17571,37924,15122,11608,26730,804,1693,2497,79488,43744,123232,20541,17624,38165,202033,249441,484,1.021302871,234155.4018,483.7921524,1.0453,33.7993
Kigezi,Kigezi,13,11,24,19288,15942,35230,29039,21666,50705,8115,6865,14980,8689,7795,16484,15,23,38,18387,15306,33693,26805,20551,47356,8125,7292,15417,7794,6604,14398,15,7,22,18373,15220,33593,26803,20378,47181,8006,7240,15246,7688,6544,14232,285,1020,1305,65144,52279,117423,8702,7806,16508,1376774,1787231,4993,1.026435829,1652666.709,330.9967373,0.2667,31.6167
Bunyoro,Kikuube District,62,58,120,22353,12354,34707,29327,14253,43580,16077,9477,25554,22792,19192,41984,55,57,112,20465,11641,32106,27617,12844,40461,18931,17965,36896,10763,8887,19650,67,58,125,21376,45502,66878,27586,13362,40948,19632,18604,38236,11310,9400,20710,1247,3321,4568,90611,55334,145945,22854,19250,42104,267455,379547,2098,1.035622516,341712.6926,162.8754493,1.2375,30.9876
Ankole,Kiruhura District,0,0,0,4365,4222,8587,6052,4458,10510,2083,2089,4172,1694,1782,3476,0,0,0,4365,4222,8587,6052,4452,10504,1692,1776,3468,2083,2089,4172,2,2,4,4361,4218,8579,6002,4422,10424,1681,1759,3440,2072,2079,4151,50,259,309,14194,12551,26745,1694,1782,3476,151023,203502,3003,1.03027357,186084.8451,61.96631537,0.322,30.8039
Bunyoro,Kiryandongo District,69,15,84,12908,9509,22417,13449,6569,20018,6414,5215,11629,10613,9268,19881,14,12,26,12359,9254,21613,12902,6240,19142,9686,8837,18523,6129,4983,11112,15,12,27,12046,8970,21016,12282,6397,18679,9486,8803,18289,6228,5104,11332,1318,2531,3849,43453,30576,74029,10682,9283,19965,266197,364872,3582,1.032033365,331939.7962,92.66884317,2.018,32.0837
Kigezi,Kisoro District,1,1,2,517,605,1122,1718,1751,3469,254,213,467,430,405,835,1,0,1,410,532,942,1336,1554,2890,269,265,534,218,187,405,1,0,1,404,523,927,1326,1523,2849,267,262,529,216,183,399,2,23,25,2920,2975,5895,431,406,837,281705,433662,690,1.044084579,381016.9748,552.1985142,1.1539,29.6499
Tooro,Kitagwenda District,1,1,2,5922,4203,10125,8784,4813,13597,2106,1828,3934,3068,2454,5522,1,1,2,5733,4071,9804,8349,4579,12928,2987,2386,5373,2029,1788,3817,1,1,2,5670,4035,9705,8385,4537,12922,2974,2375,5349,2007,1772,3779,321,764,1085,19881,13299,33180,3069,2455,5524,143786,184947,677,1.025493871,171493.666,253.31413,,
Acholi,Kitgum District,36,24,60,26680,14109,40789,24974,8931,33905,12018,9612,21630,15799,15589,31388,31,17,48,25760,13561,39321,23195,8455,31650,15022,14859,29881,11539,9161,20700,25,17,42,25331,13445,38776,23135,8438,31573,14999,14819,29818,11461,9150,20611,1041,1691,2732,79507,48265,127772,15835,15613,31448,204048,239655,4391,1.016214565,228365.371,52.00759985,3.3397,33.1689
West Nile,Koboko District,186,74,260,22003,11099,33102,28895,9770,38665,13137,9513,22650,18046,15741,33787,49,47,96,19629,9821,29450,24202,8160,32362,15850,13462,29312,11600,8315,19915,29,29,58,20446,10181,30627,26313,8891,35204,16775,14475,31250,12067,8762,20829,987,2294,3281,82267,46197,128464,18232,15815,34047,206495,271781,739,1.027852876,250280.0463,338.6739463,3.5237,31.0335
Lango,Kole District,5,8,13,14158,5978,20136,19316,7020,26336,5803,4079,9882,10717,9706,20423,5,7,12,14142,5966,20108,19248,6992,26240,10696,9668,20364,5788,4063,9851,5,7,12,14141,5966,20107,19246,6992,26238,10695,9667,20362,5787,4063,9850,1969,4340,6309,49999,26791,76790,10722,9714,20436,239327,294301,1073,1.020892478,276599.7132,257.7816526,2.3031, 32.7633
Karamoja,Kotido District,25,31,56,7818,4804,12622,16944,8729,25673,6466,4903,11369,19011,17562,36573,24,30,54,7317,4452,11769,15600,7942,23542,18386,16996,35382,6114,4591,10705,25,31,56,7347,4498,11845,15476,8134,23610,18451,17003,35454,6181,4619,10800,296,1041,1337,50264,36029,86293,19036,17593,36629,181050,219734,3610,1.019553156,207332.6229,57.43285953,3.0352, 34.0641
Teso,Kumi District,6,20,26,21188,11214,32402,30958,15121,46079,10682,8527,19209,12691,11590,24281,6,11,17,21084,11113,32197,30402,14938,45340,12509,11491,24000,10608,8406,19014,5,11,16,20957,11081,32038,30293,14851,45144,12493,11475,23968,10565,8405,18970,1117,2007,3124,75525,46472,121997,12697,11610,24307,239268,286992,1005,1.018353399,271752.9326,270.4009279,1.4877,33.9304
Lango,Kwania District,30,24,54,11987,5175,17162,14948,6577,21525,5160,3673,8833,6868,5846,12714,28,22,50,11563,5013,16576,14168,6357,20525,6564,5595,12159,5027,3597,8624,28,22,50,11561,5011,16572,13924,6354,20278,6562,5594,12156,5026,3597,8623,599,1126,1725,38993,21295,60288,6898,5870,12768,183304,216125,1223,1.016607493,205705.1132,168.197149,1.9033,32.7633
Bugisu,Kween District,5,2,7,2220,2251,4471,4548,3411,7959,921,820,1741,811,715,1526,4,2,6,1909,2068,3977,3616,3011,6627,617,545,1162,792,747,1539,4,2,6,1858,2027,3885,3503,2908,6411,595,524,1119,772,730,1502,22,83,105,8505,7199,15704,816,717,1533,93667,129277,851,1.032745867,117365.6123,137.9149381,1.4126,34.5528
North Central,Kyankwanzi District,11,7,18,5878,3820,9698,10539,5337,15876,3353,2920,6273,4434,4304,8738,9,5,14,5270,3516,8786,8316,6388,14704,3997,3902,7899,3075,2686,5761,9,5,14,5069,3380,8449,7913,4397,12310,3803,3715,7518,2986,2564,5550,1608,1067,2675,24215,16388,40603,4445,4311,8756,214693,278432,2455,1.026337332,257542.4177,104.9052618,1.2061,31.8164
Tooro,Kyegegwa District,81,22,103,14159,10395,24554,24286,14256,38542,8638,7654,16292,10472,9456,19928,66,16,82,12885,9327,22212,21914,13057,34971,9343,8793,18136,7872,6955,14827,66,16,82,13392,9972,23364,22650,13654,36304,9944,9045,18989,8255,7219,15474,750,2081,2831,57636,41783,99419,10553,9478,20031,281637,501120,1882,1.059315197,421566.5349,223.9992215,0.4818,31.055
Tooro,Kyenjojo District,65,36,101,13877,9321,23198,19859,12487,32346,6223,5385,11608,8516,8008,16524,35,29,64,12936,8844,21780,17634,11359,28993,7909,7355,15264,5865,5070,10935,31,28,59,12940,8876,21816,17596,11357,28953,7911,7347,15258,5901,5100,11001,415,856,1271,48540,35237,83777,8581,8044,16625,422204,543998,2352,1.025669629,504167.4637,214.3569148,0.6093,30.6401
South Central,Kyotera District,12,8,20,13021,11211,24232,18309,11113,29422,6828,6342,13170,6042,5938,11980,12,8,20,13021,11211,24232,18309,11113,29422,6042,5938,11980,6828,6342,13170,12,8,20,13021,11211,24232,18309,11113,29422,6042,5938,11980,6828,6342,13170,228,658,886,44212,34612,78824,6054,5946,12000,239563,275917,1723,1.014228644,264466.6076,153.4919371,0.6359,31.5456
Acholi,Lamwo District,25,22,47,43426,28582,72008,27793,10158,37951,19503,16514,36017,19376,18936,38312,24,18,42,42917,28293,71210,27235,10040,37275,19163,18763,37926,19308,16402,35710,24,18,42,42097,28178,70275,27205,10015,37220,18988,18688,37676,19296,16364,35660,875,1932,2807,110123,74212,184335,19401,18958,38359,134371,213156,5588,1.047223071,185600.8488,33.21418196,3.491,32.808
Lango,Lango,257,291,548,148392,69358,217750,196748,73721,270469,73764,56505,130269,98787,88889,187676,247,200,447,145903,68055,213958,190809,71438,262247,96838,87032,183870,72517,55505,128022,245,199,444,144131,67317,211448,188811,71093,259904,95831,85933,181764,71703,54798,126501,10429,20120,30549,517948,288764,806712,99044,89180,188224,2061694,2546118,12856,1.021328455,2389913.768,185.8987063,,
Lango,Lira City,19,14,33,6822,3698,10520,13184,5863,19047,3738,3017,6755,5847,5631,11478,19,13,32,6538,3481,10019,12230,5458,17688,5526,5290,10816,3465,2806,6271,19,13,32,6366,3404,9770,11943,5351,17294,5429,5139,10568,3402,2762,6164,367,1086,1453,29610,18223,47833,5866,5645,11511,207482,245132,285,1.016815033,233170.7844,818.1431032,2.2596,32.8903
Lango,Lira District,15,28,43,10541,5012,15553,16343,5506,21849,5711,4437,10148,8376,7319,15695,11,26,37,10236,4880,15116,15173,5265,20438,8108,7039,15147,5554,4304,9858,11,26,37,9934,4819,14753,15030,5230,20260,7973,6847,14820,5496,4239,9735,538,1050,1588,40986,22302,63288,8391,7347,15738,200561,242216,1046,1.01905033,228884.2586,218.8186029,2.2316,32.9438
Busoga,Luuka District,43,41,84,23881,12104,35985,40827,16571,57398,15656,11097,26753,24186,20372,44558,43,41,84,23872,12046,35918,40784,16544,57328,24151,20353,44504,15629,11074,26703,43,41,84,23869,11965,35834,40553,16511,57064,24120,20333,44453,15610,10992,26602,2072,5165,7237,104593,60185,164778,24229,20413,44642,238020,298639,650,1.02294741,278988.6922,429.2133727,0.7251,33.3037
North Central,Luwero District,160,115,275,22026,18714,40740,27776,17224,45000,12982,12529,25511,13311,12179,25490,78,92,170,20265,17405,37670,25287,15885,41172,11503,11223,22726,12097,11621,23718,70,111,181,20161,17259,37420,25067,15728,40795,11417,11298,22715,12002,11622,23624,943,2760,3703,76255,60761,137016,13471,12294,25765,456958,616242,2216,1.030356466,563363.6111,254.2254563,0.8271, 32.6277
South Central,Lwengo District,56,45,101,7796,6201,13997,11414,5963,17377,3749,3431,7180,4449,4176,8625,29,25,54,6784,5581,12365,8000,4418,12418,3412,3167,6579,3470,3147,6617,29,19,48,6546,5479,12025,7822,4423,12245,3313,3112,6425,3351,3077,6428,174,580,754,27464,19816,47280,4505,4221,8726,262604,325263,988,1.021629283,305038.5061,308.7434273,0.4165,31.3999
South Central,Lyantonde District,3,2,5,2994,2342,5336,5376,2935,8311,1401,1239,2640,1044,1044,2088,2,1,3,2986,2336,5322,4241,2926,7167,1036,1039,2075,1398,1233,2631,1,0,1,2913,2300,5213,4139,2871,7010,1024,1034,2058,1383,1225,2608,72,218,290,10818,7562,18380,1047,1046,2093,93753,133017,887,1.035600371,119765.1758,135.0227461,0.2241,31.2168
West Nile,Madi-Okollo District,7,6,13,23269,14584,37853,24377,8173,32550,13141,9941,23082,14773,14247,29020,7,6,13,22805,14503,37308,23787,7558,31345,14533,14034,28567,12948,9880,22828,7,6,13,23147,14534,37681,24349,7627,31976,14661,14051,28712,13044,9879,22923,1016,1750,2766,75567,46951,122518,14780,14253,29033,140188,178051,2048,1.024196666,165727.4103,80.92158706,2.8218,31.2168
Bugisu,Manafwa District,2,5,7,7828,4888,12716,11103,6863,17966,4271,3555,7826,8716,7557,16273,2,5,7,7150,4550,11700,9770,6255,16025,8286,7120,15406,4074,3337,7411,1,5,6,7145,4550,11695,9763,6220,15983,8295,7030,15325,4056,3324,7380,677,1354,2031,31920,22868,54788,8718,7562,16280,149544,186917,237,1.022558071,174817.4815,737.6265042,,
West Nile,Maracha District,141,145,286,29893,14789,44682,31336,8763,40099,18253,12694,30947,17323,15948,33271,141,144,285,28339,14017,42356,29445,8309,37754,16241,15010,31251,17309,12028,29337,141,144,285,29077,14408,43485,30223,8613,38836,16946,15625,32571,17806,12370,30176,1576,4039,5615,96946,52339,149285,17464,16093,33557,186134,234712,440,1.023460199,218938.6415,497.5878216,3.2873,30.9403
South Central,Masaka City,4,2,6,3215,2706,5921,8476,6190,14666,1802,1625,3427,2094,1986,4080,4,2,6,2641,2394,5035,5849,4206,10055,1656,1641,3297,1466,1390,2856,4,2,6,2628,2370,4998,5847,4171,10018,1632,1621,3253,1455,1380,2835,130,422,552,15591,12509,28100,2098,1988,4086,211591,294166,340,1.033497733,266479.5522,783.7633889,0.3427,31.7369
South Central,Masaka District,7,4,11,2127,1811,3938,3356,2209,5565,965,884,1849,935,837,1772,7,4,11,2127,1811,3938,3356,2186,5542,935,837,1772,965,882,1847,7,4,11,2099,1794,3893,3289,2159,5448,913,826,1739,959,878,1837,69,172,241,7390,5745,13135,942,841,1783,106626,115455,855,1.007987074,112732.1675,131.8504883,0.4464,31.9018
Bunyoro,Masindi District,9,4,13,5380,3951,9331,10702,8003,18705,3159,2639,5798,4613,4238,8851,7,2,9,5121,3637,8758,9718,6619,16337,4395,3913,8308,2970,2467,5437,7,2,9,5040,3597,8637,9759,6833,16592,4303,3856,8159,2889,2434,5323,189,567,756,23863,18835,42698,4622,4242,8864,291113,342635,3891,1.016428918,326287.688,83.85702596,1.6873,31.7138
Busoga,Mayuge District,23,8,31,22512,11128,33640,45476,19484,64960,13037,9642,22679,19383,17071,36454,22,8,30,22435,11100,33535,45278,19356,64634,19315,17024,36339,13011,9615,22626,22,8,30,22352,11046,33398,44976,19281,64257,19220,16950,36170,12919,9547,22466,1974,4450,6424,100431,57333,157764,19406,17079,36485,473239,577563,1075,1.020121459,544056.1362,506.0987313,0.3125,33.528
Bugisu,Mbale City,30,26,56,8984,5621,14605,19555,10626,30181,5376,4412,9788,8045,7031,15076,30,26,56,8558,5410,13968,19002,10091,29093,7892,6903,14795,5199,4261,9460,30,26,56,8459,5353,13812,18719,9960,28679,7785,6804,14589,5105,4213,9318,592,1161,1753,41990,27716,69706,8075,7057,15132,266617,290414,156,1.008586083,283060.0866,1814.487735,1.0871,34.1781
Bugisu,Mbale District,163,122,285,12625,7827,20452,19500,9474,28974,7941,6264,14205,11412,10091,21503,154,120,274,12535,7778,20313,19171,9416,28587,11199,9926,21125,7847,6184,14031,154,120,274,12351,7715,20066,19015,9298,28313,11119,9835,20954,7801,6160,13961,1509,1371,2880,51641,33778,85419,11575,10213,21788,222343,290356,360,1.027047984,268014.692,744.4852555,1.0344,34.1977
Ankole,Mbarara City,9,6,15,950,792,1742,3326,2515,5841,457,400,857,554,591,1145,3,0,3,671,597,1268,2109,1913,4022,482,532,1014,374,341,715,3,0,3,634,568,1202,2041,1799,3840,464,509,973,361,339,700,22,96,118,5296,4304,9600,563,597,1160,199066,264425,471,1.028799021,242834.7786,515.5727783,0.6121, 30.6373
Ankole,Mbarara District,4,4,8,1233,1112,2345,2411,1671,4082,584,515,1099,627,546,1173,3,2,5,1145,1044,2189,2163,1504,3667,566,499,1065,537,481,1018,1,2,3,1125,1022,2147,2097,1442,3539,554,485,1039,526,477,1003,35,111,146,4859,3848,8707,631,550,1181,145838,174039,773,1.017835486,165049.3489,213.5179158,0.6121,30.6373
Ankole,Mitooma District,1,0,1,4084,3271,7355,7318,3811,11129,1995,1816,3811,1964,1707,3671,1,0,1,3798,3100,6898,6450,3471,9921,1721,1513,3234,1872,1713,3585,1,0,1,3725,3028,6753,6328,3376,9704,1696,1478,3174,1848,1694,3542,47,239,286,15362,10605,25967,1965,1707,3672,183444,226009,544,1.021085766,212294.6585,390.247534,0.6193,30.0203
North Central,Mityana District,43,39,82,28324,12127,40451,25097,16601,41698,7404,6778,14182,8431,10480,18911,35,35,70,13102,10863,23965,23344,15351,38695,7770,7549,15319,6903,6329,13232,35,39,74,13655,11306,24961,24247,16044,40291,7992,7817,15809,7145,6658,13803,410,1275,1685,69299,46025,115324,8474,10519,18993,328964,407386,1525,1.021611499,382075.1412,250.5410762,0.4016,32.044
Karamoja,Moroto District,24,14,38,6376,4283,10659,9307,5497,14804,4032,3576,7608,11351,11032,22383,22,14,36,5909,3832,9741,7822,4776,12598,10750,10422,21172,3831,3306,7137,19,14,33,5932,3941,9873,8238,4992,13230,10717,10426,21143,3851,3452,7303,168,470,638,31090,24402,55492,11375,11046,22421,103432,103639,3533,1.000199951,103576.8565,29.31697043,2.7495,34.5971
West Nile,Moyo District,22,14,36,21019,15406,36425,17886,7833,25719,14904,9689,24593,13673,13538,27211,21,14,35,20721,15190,35911,16805,7576,24381,13414,13269,26683,13776,9572,23348,21,13,34,20362,14865,35227,16432,10862,27294,13073,12960,26033,11866,9848,21714,300,970,1270,67504,46480,113984,13695,13552,27247,95951,109572,1072,1.013362919,105294.2278,98.22222739,3.636,31.7651
South Central,Mpigi District,12,11,23,3252,2735,5987,7646,5940,13586,1505,1416,2921,2056,1998,4054,7,11,18,3055,2619,5674,6936,5415,12351,1849,1826,3675,1408,1359,2767,6,11,17,2936,2560,5496,6618,5281,11899,1755,1743,3498,1349,1311,2660,77,402,479,14471,12100,26571,2068,2009,4077,250548,326690,1204,1.026891337,301691.0112,250.5739296,0.2274,32.3249
North Central,Mubende District,15,12,27,11312,8370,19682,19387,13274,32661,5413,4559,9972,5551,4932,10483,15,11,26,10799,9052,19851,18382,12301,30683,5213,4644,9857,4916,4223,9139,15,11,26,10635,7038,17673,18052,12134,30186,5204,4665,9869,4922,4235,9157,429,1012,1441,41678,31147,72825,5566,4944,10510,412804,522015,2711,1.023749985,486520.626,179.4616842,0.449,31.3542
North Central,Mukono District,54,40,94,17074,13330,30404,29460,17924,47384,10224,8865,19089,11246,10704,21950,37,21,58,16369,12766,29135,27539,16874,44413,10495,9993,20488,9809,8445,18254,35,19,54,15943,12449,28392,26761,16424,43185,10305,9807,20112,9596,8282,17878,593,2443,3036,68058,50863,118921,11300,10744,22044,596804,929224,1831,1.045270922,813642.8462,444.3707516,0.2835, 32.7633
Karamoja,Nabilatuk District,26,9,35,3504,1752,5256,6581,1884,8465,3497,2611,6108,13741,11422,25163,26,9,35,3468,1737,5205,6417,1826,8243,13703,11390,25093,3494,2597,6091,24,8,32,3367,1681,5048,6241,1777,8018,13428,11139,24567,3422,2549,5971,218,658,876,27349,17678,45027,13767,11431,25198,68409,136785,1561,1.071747609,111111.9847,71.18000298,2.091,34.5971
Karamoja,Nakapiripirit District,47,73,120,5823,4088,9911,10799,8246,19045,4774,4045,8819,14145,13535,27680,8,19,27,5423,3830,9253,8597,7123,15720,13187,12551,25738,4599,3910,8509,7,20,27,5341,3790,9131,8403,7025,15428,12960,12319,25279,4553,3842,8395,325,624,949,35588,29987,65575,14192,13608,27800,88281,111681,2641,1.023790759,104074.8225,39.40735423,1.7013,34.5971
North Central,Nakaseke District,3,3,6,7755,6197,13952,11730,9553,21283,4557,4209,8766,4633,4554,9187,2,2,4,7212,5962,13174,10169,7886,18055,4104,4066,8170,4305,3986,8291,2,2,4,6962,5733,12695,9838,8299,18137,4026,3891,7917,4146,3853,7999,252,764,1016,28678,24516,53194,4636,4557,9193,197373,251398,3475,1.024489255,233797.356,67.27981469,1.2231,32.0837
North Central,Nakasongola District,58,34,92,10300,7464,17764,13037,9234,22271,6829,5788,12617,8218,8088,16306,30,9,39,9607,6906,16513,11770,7957,19727,7370,7213,14583,6213,5395,11608,48,9,57,9813,7154,16967,11764,11575,23339,7495,7439,14934,6467,5481,11948,354,1170,1524,38442,30608,69050,8276,8122,16398,181795,226074,3314,1.022037588,211762.967,63.89950725,1.349,32.4467
Busoga,Namayingo District,28,16,44,20574,12639,33213,36963,19931,56894,14135,11191,25326,21691,19666,41357,28,13,41,20190,12194,32384,36024,19350,55374,20789,18846,39635,13687,10806,24493,28,13,41,20487,12378,32865,36607,19731,56338,21209,19049,40258,13922,10978,24900,1828,3131,4959,93391,63443,156834,21719,19682,41401,215443,266716,587,1.021578321,250169.3297,426.1828444,0.3426,33.8411
Bugisu,Namisindwa District,4,1,5,5524,3311,8835,10890,5971,16861,2710,2241,4951,5389,4578,9967,3,0,3,5363,3211,8574,10251,5775,16026,5252,4485,9737,2662,2187,4849,3,0,3,5250,3153,8403,10070,5757,15827,5150,4424,9574,2568,2128,4696,449,1032,1481,24517,16102,40619,5393,4579,9972,204281,257346,298,1.023361195,240121.2459,805.7759931,0.9054,34.3754
Busoga,Namutumba District,29,27,56,12745,7807,20552,23525,10523,34048,13122,10517,23639,18841,16925,35766,29,27,56,12647,7735,20382,23282,10345,33627,18600,16712,35312,13029,10337,23366,25,27,52,12534,7611,20145,22814,10271,33085,18462,16566,35028,12832,10210,23042,893,2115,3008,68262,45799,114061,18870,16952,35822,252557,311339,812,1.021144992,292395.9086,360.0934835,0.8493,33.6623
Karamoja,Napak District,35,37,72,7550,3603,11153,13581,3849,17430,6745,4752,11497,23125,19060,42185,30,32,62,7074,3407,10481,12132,3413,15545,21747,18218,39965,6490,4505,10995,35,35,70,7199,3449,10648,12528,3547,16075,21730,18234,39964,6477,4567,11044,646,994,1640,51036,31301,82337,23160,19097,42257,142224,211830,4822,1.040642258,187967.6418,38.98126127,2.4265,34.331
West Nile,Nebbi District,20,8,28,22101,12127,34228,31467,11625,43092,11444,9108,20552,18628,18146,36774,20,8,28,22060,12092,34152,31505,11587,43092,18546,18060,36606,11425,9070,20495,20,8,28,21751,12082,33833,31441,11460,42901,18441,17847,36288,11272,8977,20249,1608,2865,4473,83660,51014,134674,18648,18154,36802,238757,299398,987,1.022890813,279744.1803,283.4287541,2.4104,31.2168
Teso,Ngora District,63,47,110,15349,7800,23149,20640,8775,29415,6715,4819,11534,7319,6419,13738,63,47,110,15311,7673,22984,20518,8643,29161,7308,6395,13703,6694,4802,11496,63,65,128,15291,7485,22776,20180,8348,28528,7122,6266,13388,6699,4672,11371,1278,2342,3620,50086,27860,77946,7382,6466,13848,141919,213777,640,1.041818448,189053.5546,295.3961791,1.4908,33.7518
North Central,North Central,419,306,725,151482,113190,264672,219727,139107,358834,80579,70076,150655,97201,93369,190570,267,244,511,129765,99428,229193,202805,130581,333386,90043,85063,175106,76318,66511,142829,274,244,518,128675,96674,225349,199798,131605,331403,89274,84656,173930,75786,66089,141875,7821,18263,26084,549408,416048,965456,97620,93675,191295,,,,#DIV/0!,#DIV/0!,#DIV/0!,,
Tooro,Ntoroko District,0,1,1,1351,920,2271,1669,1122,2791,837,671,1508,923,875,1798,0,0,0,1338,903,2241,1670,1083,2753,920,860,1780,822,667,1489,0,0,0,1345,907,2252,1674,1108,2782,923,870,1793,828,668,1496,65,106,171,4780,3589,8369,923,876,1799,67005,114858,1236,1.055371602,97711.35554,79.05449478,1.0125,30.3897
Ankole,Ntungamo District,22,17,39,7628,6371,13999,13513,8239,21752,3056,2811,5867,2865,2566,5431,22,16,38,7221,6116,13337,12445,7683,20128,2624,2386,5010,2943,2707,5650,22,16,38,7000,5924,12924,11980,7490,19470,2576,2345,4921,2849,2647,5496,121,458,579,27084,20004,47088,2887,2583,5470,483841,552786,1999,1.013410587,531129.8684,265.6977831,0.9807,30.2513
Acholi,Nwoya District,25,26,51,12761,6471,19232,16007,6477,22484,6851,5249,12100,9834,9463,19297,18,24,42,12607,6415,19022,15584,6353,21937,9696,9294,18990,6788,5221,12009,18,24,42,12354,6303,18657,15323,6203,21526,9489,9102,18591,6580,5086,11666,818,1527,2345,45478,27686,73164,9859,9489,19348,133506,220593,4679,1.051499558,189742.4238,40.5519179,2.6351,32.0028
West Nile,Obongi District,15,8,23,21368,13182,34550,17002,5982,22984,11246,9380,20626,20761,13519,34280,7,4,11,18535,12699,31234,15107,5199,20306,12694,12212,24906,10468,9309,19777,22,21,43,18097,12182,30279,14404,5055,19459,12493,11915,24408,10422,9198,19620,459,963,1422,70392,42071,112463,20776,13527,34303,43061,142983,837,1.127509032,99752.62129,119.178759,3.4335,31.5827
Acholi,Omoro District,22,9,31,23022,10602,33624,21853,6638,28491,9999,7595,17594,12325,10899,23224,20,8,28,22374,10461,32835,20812,6465,27277,12033,10656,22689,9858,7508,17366,20,8,28,22199,10390,32589,20513,6384,26897,12909,10536,23445,9805,7468,17273,1239,2850,4089,67221,35743,102964,12347,10908,23255,142875,207339,1483,1.037940541,185422.9869,125.032358,2.7152,32.492
Lango,Otuke District,5,4,9,11539,5267,16806,14874,4189,19063,7039,5291,12330,8881,8049,16930,5,4,9,11527,5265,16792,14823,4179,19002,8870,8039,16909,7035,5286,12321,5,4,9,11436,5212,16648,14742,4150,18892,8814,7994,16808,6991,5255,12246,497,898,1395,42338,22800,65138,8886,8053,16939,104254,161069,1549,1.044460267,141363.1427,91.26090558,2.5214,33.3486
Lango,Oyam District,99,157,256,28417,12863,41280,36733,15250,51983,11760,8638,20398,15483,13961,29444,99,76,175,28546,12809,41355,36402,15060,51462,15454,13932,29386,11797,8620,20417,98,76,174,27964,12607,40571,35768,14856,50624,15234,13775,29009,11549,8475,20024,2786,4740,7526,92492,50869,143361,15582,14118,29700,383644,477464,2196,1.022118437,447133.2492,203.6125907,2.2776,32.4467
Acholi,Pader District,68,42,110,43058,21629,64687,36633,11849,48482,20207,14763,34970,21495,20103,41598,52,36,88,41930,21130,63060,34369,11371,45740,20921,19479,40400,19178,14430,33608,52,37,89,41825,21068,62893,34317,11274,45591,20918,19461,40379,19131,14451,33582,982,2064,3046,121461,68386,189847,21563,20145,41708,178004,240159,3326,1.030402516,219522.0426,66.00181678,2.9431,32.8084
West Nile,Pakwach District,74,63,137,18477,8693,27170,20904,8557,29461,10181,7819,18000,17651,16701,34352,76,60,136,16651,7813,24464,18709,7914,26623,16601,15545,32146,9191,7006,16197,73,63,136,17835,8372,26207,20273,8336,28609,17093,16135,33228,9864,7550,17414,1128,2172,3300,67287,41833,109120,17725,16764,34489,158037,206961,877,1.027337104,190875.2386,217.6456541,2.4738,31.3999
Bukedi,Pallisa District,16,28,44,15672,8221,23893,23623,8194,31817,11992,9487,21479,15841,13689,29530,16,28,44,15605,8169,23774,23559,8061,31620,15814,13640,29454,11960,9471,21431,16,28,44,15290,8002,23292,22636,7880,30516,15320,13357,28677,11616,9204,20820,1061,2089,3150,67144,39619,106763,15857,13717,29574,275128,334697,796,1.01979224,315585.2605,396.463895,1.2009,33.7071
South Central,Rakai District,4,4,8,17074,13252,30326,19333,10758,30091,8139,7118,15257,6129,6015,12144,4,4,8,17043,13218,30261,19317,11773,31090,6122,6003,12125,8119,7108,15227,3,4,7,16843,13100,29943,19110,10681,29791,6091,5936,12027,8022,7045,15067,313,830,1143,50679,37147,87826,6133,6019,12152,276746,346885,1528,1.02284639,324156.1533,212.1440794,0.7083,31.3542
Kigezi,Rubanda District,0,0,0,138,253,391,582,1167,1749,38,55,93,104,87,191,0,0,0,134,245,379,559,1157,1716,100,83,183,33,51,84,0,0,0,130,238,368,539,1130,1669,98,80,178,33,49,82,14,19,33,862,1562,2424,104,87,191,196896,249454,660,1.023942002,232361.6216,352.063063,1.1517,29.8352
Ankole,Rubirizi District,4,5,9,3686,3037,6723,4826,3007,7833,1760,1521,3281,1579,1402,2981,4,4,8,3636,3009,6645,4665,2942,7607,1565,1389,2954,1748,1518,3266,4,4,8,3586,2961,6547,4572,2896,7468,1540,1347,2887,1726,1493,3219,54,163,217,11855,8972,20827,1583,1407,2990,129149,168211,1096,1.026777479,155390.831,141.7799553,0.2642,30.1084
Kigezi,Rukiga District,0,0,0,894,774,1668,1203,947,2150,468,409,877,424,400,824,0,0,0,875,769,1644,1166,925,2091,420,390,810,464,401,865,0,0,0,774,675,1449,1050,831,1881,359,322,681,385,336,721,3,35,38,2989,2530,5519,424,400,824,100726,132355,426,1.027684666,121944.0804,286.2537099,1.1326,30.0434
Kigezi,Rukungiri District,3,2,5,7142,5861,13003,10124,7154,17278,2950,2593,5543,3206,2973,6179,2,18,20,6830,5679,12509,9168,6787,15955,2989,2766,5755,2807,2491,5298,2,2,4,6780,5623,12403,9041,6679,15720,2946,2757,5703,2784,2479,5263,109,390,499,23425,18583,42008,3209,2975,6184,314694,376110,1381,1.017987961,356522.5098,258.1625705,0.7518,29.9278
Ankole,Rwampara District,2,0,2,467,393,860,1642,936,2578,170,135,305,183,166,349,2,0,2,454,385,839,1595,920,2515,181,161,342,169,132,301,2,0,2,449,382,831,1551,903,2454,181,171,352,164,130,294,6,16,22,2464,1630,4094,185,166,351,127725,162967,542,1.024666118,151479.0396,279.4816229,0.7476,30.482
South Central,Sembabule District,21,3,24,7986,6193,14179,12023,7905,19928,4128,3413,7541,4327,3752,8079,1,3,4,7768,6045,13813,11440,7565,19005,4220,3655,7875,4010,3341,7351,1,3,4,7882,6107,13989,11509,7590,19099,4270,3654,7924,4043,3377,7420,244,704,948,28485,21266,49751,4348,3755,8103,252597,305971,2317,1.019354414,288871.4641,124.6747795,0.0638,31.3542
Teso,Serere District,8,6,14,21993,10075,32068,20569,6329,26898,11431,8844,20275,9277,8986,18263,7,6,13,21618,9996,31614,19662,6138,25800,9003,8636,17639,11345,8775,20120,7,6,13,21184,9878,31062,19280,6056,25336,8879,8516,17395,11181,8634,19815,1056,1891,2947,63278,34240,97518,9285,8992,18277,285903,358123,1495,1.022777935,334725.0102,223.8963279,1.4994,33.549
Ankole,Sheema District,1,0,1,312,321,633,751,569,1320,109,102,211,114,118,232,1,0,1,306,315,621,693,525,1218,105,106,211,105,97,202,1,0,1,304,315,619,692,524,1216,105,106,211,104,96,200,3,16,19,1287,1110,2397,115,118,233,207343,252275,327,1.019808162,237858.5482,727.3961719,0.5515,30.3897
Bugisu,Sironko District,40,21,61,8147,4661,12808,18005,11796,29801,3831,2868,6699,5033,4116,9149,39,21,60,7774,4417,12191,16765,8982,25747,4607,3826,8433,3639,2702,6341,40,21,61,7684,4395,12079,16643,8925,25568,4600,3773,8373,3605,2686,6291,459,1152,1611,35056,23462,58518,5073,4137,9210,242421,298363,383,1.020980559,280344.8273,731.9708284,1.2302,34.2491
Teso,Soroti City,52,53,105,12266,5711,17977,23600,9493,33093,4829,4097,8926,6590,6384,12974,50,49,99,11685,5607,17292,21887,8592,30479,5952,5639,11591,4513,3756,8269,49,46,95,11033,5179,16212,20692,8183,28875,5638,5344,10982,4267,3564,7831,341,767,1108,47337,25738,73075,6642,6437,13079,98501,134199,205,1.031408875,122308.5134,596.6268947,,
Teso,Soroti District,24,25,49,20058,8227,28285,24422,7736,32158,8636,6681,15317,8646,7912,16558,22,23,45,20048,8227,28275,24419,7734,32153,8646,7923,16569,8636,6688,15324,22,23,45,19588,8067,27655,24056,7626,31682,8523,7805,16328,8513,6599,15112,2206,4108,6314,61786,30581,92367,8670,7937,16607,198332,266189,1034,1.029863654,243697.4084,235.6841474,1.7229,33.528
South Central,South Central,799,751,1550,108782,89282,198064,188853,125932,314785,60076,55863,115939,65146,62226,127372,414,359,773,96582,80436,177018,153316,102687,256003,52994,50284,103278,52164,47177,99341,359,253,612,96838,80521,177359,153907,103523,257430,53237,169301,222538,51988,47185,99173,2784,9875,12659,423656,334054,757710,65945,62977,128922,,,,#DIV/0!,#DIV/0!,#DIV/0!,,
West Nile,Terego District,93,64,157,47352,25849,73201,51349,17065,68414,23018,17658,40676,28048,27036,55084,74,50,124,38072,23177,61249,39585,13947,53532,24019,23117,47136,20892,15895,36787,128,90,218,39931,23794,63725,41430,14238,55668,25103,23180,48283,21276,16235,37511,1606,4591,6197,149860,87672,237532,28141,27100,55241,199303,323253,1200,1.049549371,279597.9261,232.9982717,3.171,31.1252
Teso,Teso,258,230,488,181978,86548,268526,220194,85544,305738,86526,66278,152804,91325,84593,175918,251,213,464,179588,85689,265277,216294,83526,299820,89588,82766,172354,85593,65337,150930,249,228,477,177271,84336,261607,211938,82200,294138,88014,81351,169365,84413,64785,149198,11906,23606,35512,580281,323193,903474,91583,84823,176406,1819708,2462387,11650,1.030707558,2248795.316,193.0296409,1.7159,33.6111
Tooro,Tooro,424,308,732,114371,82409,196780,180438,106462,286900,57898,47955,105853,71205,64425,135630,353,338,691,108228,78392,186620,167053,100774,267827,67044,60575,127619,55120,45553,100673,345,213,558,106899,77648,184547,167081,99591,266672,66125,59689,125814,54382,44837,99219,3730,9132,12862,424336,301559,725895,71629,64733,136362,1587531,2154161,8383,1.03099271,1965673.468,234.4832957,0.3886,30.3436
Bukedi,Tororo District,73,68,141,27118,16603,43721,37366,15950,53316,19424,15987,35411,24174,22213,46387,71,65,136,26638,16386,43024,36478,15411,51889,23623,21696,45319,19196,15820,35016,73,66,139,26325,16214,42539,35868,15093,50961,23432,21523,44955,18981,15677,34658,1179,2094,3273,108155,70821,178976,24247,22281,46528,1881415,2372489,4504,1.023462561,2213035.221,491.3488502,0.3886,30.3436
South Central,Wakiso District,654,577,1231,32041,26185,58226,75301,53852,129153,21223,20772,41995,27478,26158,53636,315,229,544,23072,19383,42455,50271,35251,85522,17831,16499,34330,14787,13299,28086,263,188,451,23613,19588,43201,51219,36982,88201,18122,16758,34880,14706,13287,27993,981,4008,4989,156697,127544,284241,28132,26735,54867,1997418,3411177,1884,1.054978307,2905184.15,1542.029804,0.063,32.4467
West Nile,West Nile,687,549,1236,371915,222216,594131,429386,153254,582640,215126,167241,382367,289206,267892,557098,486,431,917,346785,211404,558189,372585,141041,513626,265994,252502,518496,202656,158889,361545,525,463,988,350151,211713,561864,374252,146077,520329,267154,251844,518998,207838,159072,366910,14860,32803,47663,1306320,811152,2117472,289893,268441,558334,2296403,3316255,10757,1.037432815,2970078.815,276.1066111,,
West Nile,Yumbe District,49,52,101,66544,40191,106735,95463,24810,120273,44407,36565,80972,67720,64500,132220,40,39,79,63722,38122,101844,67085,23388,90473,64864,62338,127202,41578,34135,75713,40,56,96,62955,37641,100596,66144,23045,89189,63872,61007,124879,41259,33624,74883,2389,4689,7078,274183,166118,440301,67769,64552,132321,484822,945100,2323,1.069029142,773586.9412,333.012028,3.4698,31.2483
West Nile,Zombo District,23,19,42,16038,9930,25968,22005,9543,31548,8409,7044,15453,15908,14975,30883,5,4,9,15611,9724,25335,20533,9039,29572,14880,14001,28881,8232,6912,15144,4,4,8,15305,9104,24409,19375,8502,27877,14137,13279,27416,7823,6569,14392,652,1124,1776,62383,41511,103894,15931,14994,30925,240081,312621,939,1.02675313,288815.1967,307.5774193,2.4882,30.8499
