Region,District, 0-28 DAYS FEMALE ,0-28 DAYS MALE,0-28 DAYS TOTAL,10-19 YEARS FEMALE ,10-19 YEARS MALE ,10-19YRS TOTAL,20+ YRS FEMALE,20+ YRS MALE ,20+ YRS TOTAL,5-9YRS FEMALE,5-9YRS MALE,5-9YRS TOTAL,29 DAYS-4YRS FEMALE,29DAYS - 4YRS MALE,29 DAYS - 4YRS TOTAL,0-28 DAYS (B/S & RDT) FEMALE,0-28 DAYS (B/S & RDT) MALE ,0-28 DAYS  (B/S & RDT) TOTAL,10-19 YRS (B/S & RDT) FEMALE ,10-19 YRS (B/S & RDT) MALE ,10-19 YRS  (B/S & RDT) TOTAL,20+  (B/S &RDT) FEMALE, 20+ (B/S & RDT) MALE ,20 + (B/S & RDT) TOTAL,29DAYS-4YRS (B/S & RDT) FEMALE ,29DAYS-4YRS (B/S & RDT) MALE  ,29DAYS-4 YRS  (B/S & RDT) TOTAL,5-9YRS (B/S & RDT) FEMALE ,5-9YRS (B/S & RDT) MALE ,5-9YRS (B/S & RDT) TOTAL,TOTAL CASES CONFIRMED(B/S & RDT),0-28 DAYS FEMALE CT,0-28 DAYS MALE  CT,0-28 DAYS TOTAL CT,10-19 YRS FEMALE CT,10-19 YRS MALE  CT,10-19 YRS CT TOTAL,20 + YRS FEMALE CT,20 + YRS  MALE CT,20 + YRS CT TOTAL,29DAYS - 4YRS FEMALE CT,29 DAYS - 4YRS MALE CT,29 DAYS - 4YRS  CT TOTAL,5-9YRS FEMALE CT,5-9YRS MALE CT,5-9YRS CT TOTAL,PREG 10-19YRS,PREG 20 + YRS,TOTAL PREG,TOTAL CASES  FEMALE,TOTAL CASES  MALE,GRAND TOTAL CASES,<5YRS FEMALES TOTAL  ,<5YRS MALE TOTAL,< 5YRS GRAND TOTAL,POPULATION IN 2014,POPULATION IN 2024,AREA(Km2),ANNUAL GROWTH RATE[Pt​=P0​×(1+r)t],TOTAL POPULATION,POPULATION DENSITY(People per km2),CORDINATES (LATITUDE ° N),CORDINATES (LONGITUDE ° E)
Karamoja,Abim District,6,7,13,13832,7550,21382,13164,6351,19515,5904,4589,10493,9173,8755,17928,6,7,13,13650,7481,21131,12818,6231,19049,9042,8597,17639,5823,4533,10356,68188,4533,7,4540,4533,7335,11868,12598,6130,18728,7,8448,8455,5707,4429,10136,470,887,1357,42079,27252,69331,9230,8762,17992,107966,144084,2301,1.029278437,139985.445,60.83678617,2.7067,33.6595
Acholi,Acholi,383,335,718,298281,181956,480237,277994,94253,372247,130518,105993,236511,159568,151108,310676,362,311,673,287046,171854,458900,268029,89883,357912,155294,146676,301970,125877,101700,227577,1347032,101700,305,102005,101700,188280,289980,269770,90483,360253,305,147953,148258,127927,103749,231676,9068,19287,28355,866744,533645,1400389,134839,151443,286282,1500762,2044355,28522,1.031393639,1982128.764,69.49473263,,
West Nile,Adjumani District,20,16,36,54336,42042,96378,48505,22245,70750,29568,24849,54417,29881,29245,59126,70,15,85,53366,41269,94635,46975,21469,68444,29251,28523,57774,28749,24483,53232,274170,24483,15,24498,24483,41229,65712,47130,21390,68520,15,28460,28475,28619,24463,53082,1271,3501,4772,162310,118397,280707,11955,29261,41216,107966,144084,2301,1.029278437,139985.445,60.83678617,3.2549,31.7195
Acholi,Agago District,28,29,57,56351,32883,89234,53613,15373,68986,23601,18351,41952,27579,26071,53650,26,29,55,56222,32768,88990,53403,15308,68711,27528,26022,53550,23488,18334,41822,253128,18334,29,18363,18334,32478,50812,53043,15220,68263,29,25763,25792,23432,18208,41640,1344,3064,4408,161172,92707,253879,24266,26100,50366,227792,307235,3493,1.03037004,298179.2833,85.36481058,2.9251, 33.3486
Lango,Alebtong District,9,16,25,19726,9110,28836,24342,6595,30937,9321,7031,16352,12591,11506,24097,9,16,25,19725,9110,28835,24360,6590,30950,12562,11484,24046,9319,7031,16350,100206,7031,16,7047,7031,9044,16075,24079,6525,30604,16,11391,11407,9231,6979,16210,1586,3373,4959,65989,34258,100247,12061,11522,23583,227541,283509,1534,1.022234935,277342.3118,180.7968134,2.2914,33.2139
Lango,Amolatar District,15,10,25,18021,10214,28235,16716,6757,23473,7340,5927,13267,7572,7106,14678,15,10,25,17870,10137,28007,16512,6699,23211,7475,6963,14438,7292,5894,13186,78867,5894,10,5904,5894,9995,15889,16216,6601,22817,10,6854,6864,7201,5823,13024,751,1747,2498,49664,30014,79678,4552,7116,11668,147166,188715,1163,1.025179454,184079.967,158.2802812,1.6054,32.8084
Karamoja,Amudat District,1,1,2,2990,2585,5575,7862,2716,10578,2190,2095,4285,3109,2927,6036,1,1,2,2917,2551,5468,7574,2631,10205,2947,2783,5730,2096,2030,4126,25531,2030,1,2031,2030,2561,4591,7636,2621,10257,1,2783,2784,2096,2029,4125,134,405,539,16152,10324,26476,3084,2928,6012,105769,203358,1616,1.067555067,190489.471,117.8771479,1.7916,34.9066
Teso,Amuria District,40,20,60,25010,13545,38555,26440,8430,34870,10901,8090,18991,11162,10352,21514,40,19,59,24989,13542,38531,26438,8430,34868,11161,10354,21515,10889,8079,18968,113941,8079,19,8098,8079,13403,21482,26381,8417,34798,19,10297,10316,10820,7948,18768,977,2113,3090,73553,40437,113990,10400,10372,20772,183348,251653,1383,1.032173235,243808.8795,176.2898623,2.0302,33.6428
Acholi,Amuru District,50,27,77,25177,13507,38684,23821,8724,32545,10643,8214,18857,14494,14057,28551,50,27,77,24979,13442,38421,23307,8657,31964,14378,13926,28304,10554,8164,18718,117484,8164,27,8191,8164,13253,21417,23001,8556,31557,27,13619,13646,10381,8012,18393,814,1408,2222,74185,44529,118714,11240,14084,25324,186696,247574,3619,1.028624826,240684.4494,66.50578873,3.1042,32.0837
Ankole,Ankole,295,214,509,96857,83971,180828,123498,80621,204119,43580,38484,82064,37070,33898,70968,264,191,455,93086,81739,174825,118493,77640,196133,35199,32184,67383,41914,36836,78750,517546,36836,188,37024,36836,80352,117188,116568,76618,193186,188,31499,31687,40965,36032,76997,1569,5402,6971,301300,237188,538488,24994,34112,59106,2895631,3608968,15067,1.022266152,3530360.456,234.3107756,,
Lango,Apac District,28,20,48,26929,14242,41171,30238,12484,42722,8750,6660,15410,10332,9202,19534,28,19,47,26541,14101,40642,29355,12341,41696,10204,9077,19281,8659,6596,15255,116921,6596,17,6613,6596,13874,20470,29044,12219,41263,17,8963,8980,8512,6528,15040,1195,2709,3904,76277,42608,118885,7896,9222,17118,185322,221962,1783,1.018204859,217993.4599,122.262176,1.8445,32.4014
West Nile,Arua City,60,53,113,14260,8637,22897,18354,9247,27601,7694,6445,14139,7844,7372,15216,52,45,97,13757,8341,22098,17680,8958,26638,7605,7120,14725,7445,6149,13594,77152,6149,44,6193,6149,8231,14380,17444,8795,26239,44,7146,7190,7373,6117,13490,1163,2928,4091,48212,31754,79966,5223,7425,12648,309052,384656,404,1.022125199,376329.632,931.5089902,3.0274,30.9071
West Nile,Arua District,1,5,6,9781,5607,15388,8340,3063,11403,4276,3055,7331,3595,3146,6741,1,5,6,8695,5042,13737,6681,2736,9417,3083,2779,5862,3600,2613,6213,35235,2613,5,2618,2613,5781,8394,7988,3008,10996,5,3111,3116,4241,3038,7279,433,720,1153,25993,14876,40869,1548,3151,4699,133534,159722,800,1.018069175,156887.1781,196.1089727,3.0018,30.9876
Bukedi,Budaka District,22,17,39,16865,8492,25357,19743,6177,25920,9580,7526,17106,14680,13280,27960,22,17,39,16931,8486,25417,19515,6112,25627,14619,13232,27851,9562,7512,17074,96008,7512,17,7529,7512,8241,15753,19091,5878,24969,17,12885,12902,9310,7339,16649,1429,3250,4679,60890,35492,96382,13057,13297,26354,207597,281537,410,1.030935371,273088.8936,666.0704723,1.1005,34.0196
Bugisu,Bududa District,20,16,36,4109,3034,7143,6471,3777,10248,1772,1355,3127,1704,1598,3302,20,16,36,4099,3023,7122,6453,3760,10213,1703,1597,3300,1763,1352,3115,23786,1352,16,1368,1352,3001,4353,6440,3706,10146,16,1594,1610,1755,1351,3106,366,906,1272,14076,9780,23856,1018,1614,2632,210173,26897,318,0.814165494,33036.28096,103.887676,1.003,34.3338
Busoga,Bugiri District,27,16,43,18601,10440,29041,27184,10799,37983,13953,11111,25064,18205,16704,34909,27,16,43,18573,10421,28994,27127,10782,37909,18067,16686,34753,13927,11072,24999,126698,11072,16,11088,11072,10393,21465,27040,10765,37805,16,16779,16795,13866,11044,24910,1543,2853,4396,77970,49070,127040,7462,16720,24182,382913,480345,1033,1.022928589,469578.2339,454.5771867,0.5316, 33.7518
Bugisu,Bugisu,213,203,416,54466,37574,92040,95273,53392,148665,27710,22862,50572,37506,33062,70568,169,147,316,53258,36842,90100,91702,51755,143457,36554,32258,68812,27053,22335,49388,352073,22335,147,22482,22335,35748,58083,88940,50452,139392,147,31301,31448,26042,21830,47872,4385,8819,13204,215168,147093,362261,37463,33265,70728,1469892,1827757,2447,1.022029197,1788360.846,730.8381062,1.0783,34.1737
Busoga,Bugweri District,4,11,15,14603,8967,23570,21977,9416,31393,8913,7210,16123,12381,11268,23649,4,11,15,14573,8963,23536,21905,9350,31255,12349,11246,23595,8907,7197,16104,94505,7197,11,7208,7197,8790,15987,21398,9144,30542,11,11059,11070,8777,7087,15864,1174,2340,3514,57878,36872,94750,10413,11279,21692,164886,211511,302,1.025214919,206308.9368,683.1421748,0.6116,33.5952
Ankole,Buhweju District,1,0,1,469,417,886,929,638,1567,218,139,357,237,179,416,1,0,1,448,408,856,909,625,1534,233,175,408,209,136,345,3144,136,0,136,136,407,543,907,623,1530,0,175,175,208,133,341,10,49,59,1854,1373,3227,183,179,362,12072,167921,751,1.301165617,129054.2863,171.8432574,0.3558,30.3897
North Central,Buikwe District,45,29,74,17694,14199,31893,25327,18444,43771,11219,9454,20673,12187,10953,23140,43,27,70,16559,13368,29927,22924,17217,40141,11319,10135,21454,10636,8970,19606,111198,8970,26,8996,8970,13160,22130,22209,16799,39008,26,9675,9701,10241,8677,18918,921,2402,3323,66472,53079,119551,10296,10982,21278,422771,520158,1270,1.020946558,509486.0215,401.1700957,0.2827, 33.0339
Teso,Bukedea District,32,34,66,22624,11285,33909,29580,11132,40712,10480,8098,18578,11996,10382,22378,28,33,61,21855,10918,32773,28638,10354,38992,11739,10151,21890,10187,7938,18125,111841,7938,33,7971,7938,10782,18720,28221,10271,38492,33,9762,9795,10008,7753,17761,2077,5647,7724,74712,40931,115643,14677,10416,25093,203600,282864,1032,1.033427444,273714.4264,265.2271574,1.3557,34.1087
Bukedi,Bukedi,350,273,623,154288,88704,242992,200296,71919,272215,93313,76026,169339,134934,123817,258751,326,268,594,148978,85353,234331,193441,69064,262505,131143,119092,250235,89995,73515,163510,911175,73515,260,73775,73515,85409,158924,192070,68562,260632,260,117855,118115,90906,73658,164564,9733,21041,30774,583181,360739,943920,108382,124090,232472,1881415,2372489,4504,1.023462561,2318100.427,514.6759385,,
South Central,Bukomansimbi District,82,4,86,6322,5622,11944,6530,3537,10067,3931,3703,7634,3695,3644,7339,7,4,11,6241,5570,11811,6467,3505,9972,3652,3611,7263,3871,3625,7496,36553,3625,4,3629,3625,5350,8975,6324,3377,9701,4,3517,3521,3824,3564,7388,211,639,850,20560,16510,37070,2139,3648,5787,151413,197568,600,1.026964294,192380.5932,320.634322,0.1433,31.6055
Bugisu,Bukwo District,0,0,0,1529,1399,2928,2634,2268,4902,679,678,1357,639,611,1250,0,0,0,1433,1338,2771,2523,2188,4711,605,575,1180,645,635,1280,9942,635,0,635,635,1283,1918,2456,2126,4582,0,541,541,627,623,1250,26,63,89,5481,4956,10437,651,611,1262,89356,114396,525,1.025011439,111604.6082,212.5802061,1.2819,34.7299
Bugisu,Bulambuli District,7,6,13,6289,4027,10316,9434,4835,14269,2639,2109,4748,3774,3213,6987,7,6,13,6223,4001,10224,9347,4784,14131,3746,3193,6939,2628,2104,4732,36039,2104,6,2110,2104,3918,6022,9105,4751,13856,6,3165,3171,2582,2067,4649,490,996,1486,22143,14190,36333,4525,3219,7744,174513,235391,695,1.030377121,228451.3069,328.7069165,1.4815,34.2866
Bunyoro,Buliisa District,5,2,7,11935,7296,19231,13112,6268,19380,6658,5264,11922,10384,9400,19784,4,2,6,11032,6805,17837,12046,5854,17900,9473,8497,17970,6155,4913,11068,64781,4913,2,4915,4913,7124,12037,12876,6170,19046,2,9243,9245,6555,5186,11741,847,1836,2683,42094,28230,70324,6909,9402,16311,113161,167894,1367,1.040240696,161399.1845,118.0681672,1.8992,31.3542
Tooro,Bundibugyo District,10,13,23,16626,9503,26129,26143,12997,39140,8985,6872,15857,12080,11004,23084,8,13,21,16574,9473,26047,26046,12897,38943,12269,11010,23279,8995,6839,15834,104124,6839,13,6852,6839,9349,16188,25922,12931,38853,13,10865,10878,8842,6753,15595,560,1075,1635,63844,40389,104233,4497,11017,15514,224387,264778,850,1.016689692,260431.4787,306.389975,0.6852, 30.0203
Tooro,Bunyangabu District,11,3,14,4862,4506,9368,7114,5702,12816,2826,2353,5179,2473,2365,4838,14,2,16,4623,4361,8984,6027,5355,11382,2218,2112,4330,2475,2192,4667,29379,2192,2,2194,2192,4296,6488,5927,5275,11202,2,2073,2075,2423,2150,4573,175,406,581,17286,14929,32215,1186,2368,3554,170247,219012,466,1.025507508,213564.5017,458.2929222,0.4871,30.2051
Bunyoro,Bunyoro,222,192,414,101889,70228,172117,117091,60230,177321,52682,44366,97048,75758,69103,144861,187,172,359,108292,67413,175705,111028,56689,167717,70901,66348,137249,51719,42737,94456,575486,42737,175,42912,42737,67605,110342,111397,57343,168740,175,66815,66990,50636,42549,93185,7110,16982,24092,347642,244119,591761,58870,69295,128165,2028545,2792732,16580,1.032486689,2704860.052,163.1399307,,
Ankole,Bushenyi District,0,0,0,2940,2802,5742,4585,3575,8160,1111,1030,2141,1030,976,2006,0,0,0,2900,2766,5666,4513,3532,8045,1012,964,1976,1095,1011,2106,17793,1011,0,1011,1011,2668,3679,4388,3419,7807,0,941,941,1069,980,2049,36,264,300,9666,8383,18049,487,976,1463,234443,283392,845,1.019142779,278068.9869,329.0757241,0.4875,30.1127
Bukedi,Busia District,88,79,167,31125,20878,52003,48708,20927,69635,18649,15811,34460,27197,24543,51740,81,80,161,29937,20113,50050,46673,19829,66502,26224,23730,49954,17969,15310,33279,199946,15310,81,15391,15310,19816,35126,46082,19527,65609,81,23386,23467,18726,15087,33813,1793,3836,5629,125767,82238,208005,14011,24622,38633,323662,412671,729,1.024592621,402765.9302,552.490988,0.4045,34.0196
Busoga,Busoga,561,383,944,256302,151731,408033,430879,196457,627336,156983,124065,281048,228042,201641,429683,474,327,801,251694,148681,400375,415008,187668,602676,223857,198256,422113,154238,121657,275895,1701860,121657,306,121963,121657,145550,267207,406112,183608,589720,306,193615,193921,150530,118598,269128,26604,57301,83905,1072767,674277,1747044,195872,202024,397896,3583196,4363295,9443,1.019892507,4278191.054,453.0542257,,
Bukedi,Butaleja District,104,65,169,18554,11308,29862,26241,9293,35534,12976,10953,23929,17284,15227,32511,94,61,155,17902,11062,28964,25345,9051,34396,16866,14787,31653,12618,10663,23281,118449,10663,59,10722,10663,10463,21126,24067,8713,32780,59,13899,13958,11885,10109,21994,1022,2061,3083,75159,46846,122005,8449,15292,23741,244153,312771,655,1.025076887,305119.5515,465.8313763,,
South Central,Butambala District,8,9,17,8448,8590,17038,7575,5021,12596,4296,4439,8735,3006,3080,6086,6,9,15,8421,8528,16949,7503,4939,12442,2971,3032,6003,4259,4394,8653,44062,4394,9,4403,4394,8127,12521,7127,4749,11876,9,2885,2894,4040,4167,8207,132,525,657,23333,21139,44472,1344,3089,4433,10084,146516,405,1.306848434,112113.996,276.8246814,0.1742,32.1065
Bukedi,Butebo District,14,14,28,6967,3646,10613,8009,2987,10996,4012,2929,6941,5005,4520,9525,13,13,26,6908,3620,10528,7899,2969,10868,4983,4505,9488,3991,2912,6903,37813,2912,13,2925,2912,3460,6372,7426,2780,10206,13,4271,4284,3816,2800,6616,280,590,870,24007,14096,38103,6600,4534,11134,111762,171433,236,1.043710436,164253.4117,695.9890328,1.2393,33.83
North Central,Buvuma District,6,2,8,3597,2621,6218,6716,3629,10345,2487,2205,4692,3661,3449,7110,6,2,8,3590,2614,6204,6638,3600,10238,3625,3397,7022,2478,2201,4679,28151,2201,2,2203,2201,2614,4815,6639,3600,10239,2,3399,3401,2478,2202,4680,193,507,700,16467,11906,28373,3258,3451,6709,8989,110832,296,1.285568963,86212.41113,291.2581457,0.3765,33.2588
Busoga,Buyende District,32,29,61,12856,7062,19918,21736,8763,30499,9006,7503,16509,15822,14080,29902,32,29,61,12852,7056,19908,21718,8754,30472,15817,14073,29890,9000,7477,16477,96808,7477,29,7506,7477,6746,14223,21041,8504,29545,29,13667,13696,8667,7075,15742,4193,8233,12426,59452,37437,96889,17753,14109,31862,323067,403486,1379,1.022477093,394616.1755,286.1611135,1.2414,33.1239
Lango,Dokolo District,17,5,22,29890,15030,44920,28586,7923,36509,11598,8353,19951,14074,12538,26612,16,5,21,29430,14824,44254,28157,7824,35981,13862,12237,26099,11416,8225,19641,125996,8225,5,8230,8225,14703,22928,28043,7778,35821,5,12209,12214,11338,8146,19484,1757,3430,5187,84165,43849,128014,8980,12543,21523,183093,215625,1004,1.016489126,212127.2077,211.2820794,1.9131,33.1717
Tooro,Fort Portal City,14,7,21,2271,2097,4368,4212,3243,7455,1405,1244,2649,1453,1417,2870,14,7,21,2226,2068,4294,4130,3203,7333,1447,1413,2860,1365,1238,2603,17111,1238,12,1250,1238,2058,3296,4063,3165,7228,12,1399,1411,1352,1191,2543,50,231,281,9355,8008,17363,604,1424,2028,10224,137549,127,1.296831825,106065.4106,835.1607137,0.6546,30.2801
South Central,Gomba District,4,0,4,6114,4985,11099,7520,5366,12886,3289,2942,6231,2541,2501,5042,4,0,4,5880,4772,10652,6859,4779,11638,2458,2409,4867,3090,2771,5861,33022,2771,0,2771,2771,4326,7097,6452,4543,10995,0,2226,2226,2838,2536,5374,156,827,983,19468,15794,35262,1861,2501,4362,159922,19912,1670,0.811933886,24524.16427,14.68512831,0.223,31.6739
Acholi,Gulu City,84,97,181,12750,8826,21576,20433,10878,31311,7030,6728,13758,9583,9345,18928,74,84,158,11955,8167,20122,18338,9462,27800,8937,8743,17680,6422,6077,12499,78259,6077,78,6155,6077,8075,14152,18125,9378,27503,78,8669,8747,6354,6013,12367,509,1515,2024,49880,35874,85754,8017,9442,17459,185042,233271,222,1.023432122,227930.1138,1026.712224,2.7743,32.2882
Acholi,Gulu District,50,45,95,21110,11053,32163,18658,7691,26349,9492,6989,16481,11116,10004,21120,49,44,93,20517,10736,31253,18013,7050,25063,10905,9715,20620,9274,6844,16118,93147,6844,46,6890,6844,10477,17321,17640,6950,24590,46,9880,9926,9070,6706,15776,873,1636,2509,60426,35782,96208,9723,10049,19772,108428,135373,1721,1.022442893,132401.5267,76.93290335,2.955,32.4467
Bunyoro,Hoima City,13,8,21,3616,2664,6280,6322,3825,10147,1605,1398,3003,2129,2055,4184,7,6,13,3244,2406,5650,5677,3270,8947,1957,1916,3873,1449,1239,2688,21171,1239,6,1245,1239,2463,3702,5793,3385,9178,6,1964,1970,1491,1306,2797,66,286,352,13685,9950,23635,1645,2063,3708,100099,143304,227,1.036532342,138253.2838,609.0453031,1.4274,31.3484
Bunyoro,Hoima District,14,3,17,7348,5499,12847,7061,3562,10623,3738,3191,6929,4502,4090,8592,5,3,8,7374,5472,12846,7049,3519,10568,4505,4081,8586,3732,3182,6914,38922,3182,3,3185,3182,5455,8637,6979,3483,10462,3,4065,4068,3714,3170,6884,972,2077,3049,22663,16345,39008,3817,4093,7910,205432,257544,1341,1.022865037,251786.8835,187.7605395,1.6343,31.171
Ankole,Ibanda District,42,35,77,20796,17367,38163,28952,19301,48253,8996,7469,16465,7434,6544,13978,35,30,65,19841,16552,36393,27474,18452,45926,7110,6283,13393,8630,7156,15786,111563,7156,30,7186,7156,16804,23960,27597,18621,46218,30,6366,6396,8720,7426,16146,338,1097,1435,66220,50716,116936,4537,6579,11116,249625,309466,622,1.021721392,302886.8755,486.9563914,0.0966,30.4818
Busoga,Iganga District,36,44,80,41812,26847,68659,67953,32943,100896,22133,17639,39772,30012,27245,57257,34,43,77,40688,25949,66637,65124,31326,96450,29284,26608,55892,21356,16985,38341,257397,16985,43,17028,16985,25314,42299,63161,30468,93629,43,25719,25762,20533,16405,36938,2447,6966,9413,161946,104718,266664,26756,27289,54045,339311,426958,633,1.023242857,417259.6926,659.1780294,0.7236,33.4832
Ankole,Isingiro District,103,75,178,22211,18122,40333,23888,14034,37922,10543,9361,19904,9663,8974,18637,103,75,178,22133,18062,40195,23761,13918,37679,9627,8941,18568,10522,9326,19848,116468,9326,75,9401,9326,17622,26948,23410,13751,37161,75,8633,8708,10040,8758,18798,398,960,1358,66408,50566,116974,5899,9049,14948,486360,635077,2536,1.027038806,618357.3554,243.8317647,0.8435,30.8039
Busoga,Jinja City,151,77,228,11038,7628,18666,26896,15091,41987,6588,5908,12496,8517,8066,16583,88,36,124,8964,6221,15185,16936,8925,25861,6679,6302,12981,5317,4729,10046,64197,4729,33,4762,4729,6001,10730,16233,8671,24904,33,6080,6113,5126,4541,9667,467,1159,1626,53190,36770,89960,7535,8143,15678,247074,279184,179,1.012293266,275793.5959,1540.746346,0.5349,33.2139
Busoga,Jinja District,24,18,42,14149,8822,22971,25347,12119,37466,9202,7227,16429,12636,10268,22904,9,6,15,13544,8459,22003,24058,11740,35798,12082,9918,22000,8863,6989,15852,95668,6989,6,6995,6989,7960,14949,22817,11300,34117,6,9226,9232,8310,6570,14880,753,1680,2433,61358,38454,99812,12743,10286,23029,224168,280905,499,1.022818525,274638.1622,550.3770786,0.5349,33.2139
Karamoja,Kaabong District,30,40,70,5591,3956,9547,11205,5591,16796,2738,2383,5121,8892,8014,16906,30,39,69,5572,3942,9514,11111,5517,16628,8876,8086,16962,2733,2381,5114,48287,2381,39,2420,2381,3929,6310,11085,5507,16592,39,8075,8114,2727,2376,5103,183,910,1093,28456,19984,48440,6034,8054,14088,116646,264631,4751,1.085368184,243816.8023,51.31904912,3.5696,34.242
Kigezi,Kabale District,2,3,5,605,607,1212,1785,2299,4084,244,209,453,256,231,487,2,3,5,548,558,1106,1594,2190,3784,226,201,427,209,179,388,5710,179,3,182,179,553,732,1549,2123,3672,3,197,200,207,175,382,4,30,34,2892,3349,6241,176,234,410,230609,285588,561,1.021612905,279546.1947,498.2998123,1.3505,30.0203
Tooro,Kabarole District,0,1,1,4967,4480,9447,9549,6911,16460,2796,2355,5151,2776,2506,5282,0,1,1,4701,4286,8987,9006,6500,15506,2609,2373,4982,2675,2242,4917,34393,2242,1,2243,2242,4145,6387,8730,6329,15059,1,2234,2235,2579,2150,4729,156,501,657,20088,16253,36341,728,2507,3235,196749,230368,1184,1.015900003,226762.4758,191.5223614,0.6833, 30.2974
Teso,Kaberamaido District,19,20,39,21896,12754,34650,19767,7537,27304,9139,7146,16285,9164,8186,17350,19,21,40,20717,12021,32738,18884,7155,26039,8847,7876,16723,8747,6866,15613,91153,6866,20,6886,6866,12125,18991,19292,7092,26384,20,7914,7934,8801,6876,15677,811,1623,2434,59985,35643,95628,7837,8206,16043,105152,140986,689,1.02975959,136911.5679,198.7105484,1.6325, 33.1239
Bunyoro,Kagadi District,39,37,76,9228,5618,14846,12449,6363,18812,4049,3332,7381,4859,4491,9350,35,34,69,8763,5321,14084,11560,5898,17458,4385,4084,8469,3777,3056,6833,46913,3056,36,3092,3056,5316,8372,11579,5962,17541,36,4245,4281,3726,3112,6838,737,1829,2566,30624,19841,50465,4145,4528,8673,351033,471111,1420,1.029858434,457452.1939,322.1494324,0.95,30.8
Bunyoro,Kakumiro District,36,28,64,10936,7417,18353,13090,6285,19375,5072,4158,9230,6061,5205,11266,33,27,60,10717,7265,17982,12780,6070,18850,5972,5097,11069,5004,4079,9083,57044,4079,28,4107,4079,7166,11245,12561,6066,18627,28,5024,5052,4937,4005,8942,723,2473,3196,35195,23093,58288,5680,5233,10913,293108,428176,1701,1.038626657,412252.0803,242.3586598,1.0028,31.3084
Teso,Kalaki District,38,37,75,15051,8008,23059,15421,5097,20518,6790,5458,12248,7265,6942,14207,38,37,75,14991,8008,22999,15421,5134,20555,7265,6942,14207,6790,5448,12238,70074,5448,37,5485,5448,8008,13456,15421,5133,20554,37,6912,6949,6790,5448,12238,492,1015,1507,44565,25542,70107,6805,6979,13784,109874,149736,658,1.031438004,145172.0796,220.6262608,,
South Central,Kalangala District,3,7,10,924,878,1802,2387,2481,4868,590,593,1183,809,795,1604,3,7,10,921,878,1799,2369,2444,4813,805,790,1595,590,598,1188,9405,598,7,605,598,856,1454,2334,2383,4717,7,777,784,581,592,1173,31,247,278,4713,4754,9467,529,802,1331,54293,74411,452,1.03202289,72102.0829,159.5178825,0.6351,32.5373
Busoga,Kaliro District,114,77,191,13418,7438,20856,27528,13172,40700,8465,6712,15177,18274,16272,34546,114,77,191,13405,7438,20843,27401,13172,40573,18264,16272,34536,8465,6704,15169,111312,6704,61,6765,6704,7340,14044,26699,12828,39527,61,15690,15751,8301,6593,14894,3614,7166,10780,67799,43671,111470,21405,16349,37754,286397,236199,779,0.980914059,240794.7953,309.1075678,0.8927,33.5028
South Central,Kalungu District,11,6,17,6971,6031,13002,6335,3854,10189,3590,3601,7191,3340,3477,6817,11,6,17,6934,5971,12905,6259,3748,10007,3295,3434,6729,3555,3559,7114,36772,3559,6,3565,3559,5893,9452,6216,3768,9984,6,3450,3456,3533,3533,7066,251,657,908,20247,16969,37216,2110,3483,5593,174368,221569,790,1.024245869,216324.0357,273.8278933,0.0953,31.7651
Kampala,Kampala,1298,1153,2451,35795,30752,66547,86049,77926,163975,26559,25420,51979,28191,27953,56144,477,442,919,22816,19789,42605,49870,45378,95248,18070,16351,34421,15780,14869,30649,203842,14869,392,15261,14869,19492,34361,48916,46285,95201,392,15761,16153,15291,14272,29563,924,4199,5123,177892,163204,341096,25368,29106,54474,1507080,1797722,195,1.017791039,1766297.729,9057.937072,0.3152,32.5816
Kampala,Kampala District,1298,1153,2451,35795,30752,66547,86049,77926,163975,26559,25420,51979,28191,27953,56144,477,442,919,22816,19789,42605,49870,45378,95248,18070,16351,34421,15780,14869,30649,203842,14869,392,15261,14869,19492,34361,48916,46285,95201,392,15761,16153,15291,14272,29563,924,4199,5123,177892,163204,341096,25368,29106,54474,1507080,1797722,195,1.017791039,1766297.729,9057.937072,0.3152,32.5816
Busoga,Kamuli District,52,29,81,38353,23125,61478,64808,32288,97096,23982,18503,42485,34056,28865,62921,48,29,77,38179,23031,61210,64485,32138,96623,33705,28725,62430,23911,18422,42333,262673,18422,29,18451,18422,22353,40775,62868,31005,93873,29,27761,27790,23071,17743,40814,3536,7710,11246,161251,102810,264061,34527,28894,63421,486319,540252,1515,1.01057259,534599.8945,352.8712175,0.9187,33.1239
Tooro,Kamwenge District,41,24,65,27870,17712,45582,30598,15047,45645,12584,10256,22840,16029,15149,31178,33,24,57,25517,16816,42333,28759,14095,42854,14891,14249,29140,11949,12167,24116,138500,12167,23,12190,12167,17396,29563,30250,14605,44855,23,15044,15067,12370,10097,22467,906,2809,3715,87122,58188,145310,10558,15173,25731,270668,337167,1695,1.022211623,329840.7027,194.5962847,0.2903,30.574
Kigezi,Kanungu District,35,12,47,11215,9274,20489,13471,9593,23064,4751,4069,8820,4555,3931,8486,35,12,47,11007,9121,20128,13128,9372,22500,4469,3843,8312,4676,4005,8681,59668,4005,12,4017,4005,8819,12824,12770,9230,22000,12,3679,3691,4542,3915,8457,217,493,710,34027,26879,60906,2164,3943,6107,252144,310062,1275,1.020892447,303716.6168,238.2091112,0.8195, 29.7426
Bugisu,Kapchorwa District,2,1,3,1115,993,2108,2009,1502,3511,553,457,1010,468,431,899,2,1,3,1100,976,2076,1973,1469,3442,458,422,880,542,448,990,7391,448,1,449,448,975,1423,1972,1459,3431,1,422,423,542,448,990,38,75,113,4147,3384,7531,443,432,875,105186,133621,212,1.024216287,130461.702,615.3853866,1.3514,34.3754
Teso,Kapelebyong District,16,17,33,14724,7067,21791,16201,5176,21377,10245,4277,14522,4573,4054,8627,16,17,33,14683,7050,21733,16167,5168,21335,4554,4047,8601,5630,4274,9904,61606,4274,17,4291,4274,7015,11289,16142,5132,21274,17,4000,4017,5588,4262,9850,698,1582,2280,45759,20591,66350,4441,4071,8512,87580,143536,1203,1.050644012,136617.1589,113.5637231,2.211,33.7518
Karamoja,Karamoja,207,211,418,59121,37301,96422,87324,43472,130796,35447,30499,65946,89086,82046,171132,187,184,371,58446,36989,95435,85390,42539,127929,88044,80919,168963,35078,28854,63932,456630,28854,183,29037,28854,36603,65457,84668,42202,126870,183,79868,80051,34741,28578,63319,2198,6787,8985,271185,193529,464714,77446,82257,159703,965010,1496117,27407,1.044824564,1431931.304,52.2469188,2.8309,34.1532
Karamoja,Karenga District,0,0,0,4473,2704,7177,5233,1990,7223,1640,1295,2935,3700,3403,7103,0,0,0,4455,2698,7153,5147,1948,7095,3629,3290,6919,1635,1286,2921,24088,1286,0,1286,1286,2671,3957,5117,1928,7045,0,3092,3092,1625,1267,2892,168,536,704,15046,9392,24438,2576,3403,5979,51233,100375,25702,1.069565971,93846.47859,3.651329803,3.5691,33.6931
Tooro,Kasese District,41,20,61,31228,26997,58225,42996,28745,71741,13951,11650,25601,12764,12387,25151,28,18,46,30262,26221,56483,41298,27627,68925,12054,11688,23742,12700,11204,23904,173100,11204,18,11222,11204,25639,36843,41163,27380,68543,18,11437,11455,12459,10937,23396,582,1387,1969,100980,79799,180779,4950,12407,17357,694987,853831,2795,1.020797326,836435.3807,299.2613169,0.1699, 30.0781
North Central,Kassanda District,29,23,52,8060,6116,14176,11962,7109,19071,4779,4323,9102,5898,5258,11156,29,22,51,7825,6095,13920,11802,7009,18811,5856,5251,11107,4747,4279,9026,52915,4279,21,4300,4279,5908,10187,11322,6882,18204,21,5128,5149,4653,4186,8839,533,1459,1992,30728,22829,53557,4639,5281,9920,271544,314008,1819,1.014635493,309478.6278,170.1366838,0.5761,31.7195
Teso,Katakwi District,6,2,8,26263,16385,42648,24717,12449,37166,11640,9223,20863,9899,9270,19169,5,2,7,26243,16341,42584,24569,12398,36967,9768,9145,18913,11607,9208,20815,119286,9208,2,9210,9208,15907,25115,23990,12244,36234,2,8968,8970,11336,9024,20360,1590,4132,5722,72525,47329,119854,7961,9272,17233,166231,234332,2306,1.03493234,226422.5312,98.18843502,1.9142,33.9583
North Central,Kayunga District,86,51,137,14808,10370,25178,19077,10156,29233,10076,8514,18590,13640,13213,26853,125,49,174,14665,10263,24928,18858,10038,28896,13547,12999,26546,9890,8435,18325,98869,8435,49,8484,8435,10113,18548,18490,9911,28401,49,12751,12800,9745,8346,18091,1342,2660,4002,57687,42304,99991,16167,13264,29431,368062,439175,1596,1.017821599,431485.2429,270.3541622,0.7014,32.9029
Ankole,Kazo District,44,30,74,15598,12255,27853,16621,9777,26398,6934,5900,12834,4916,4332,9248,39,24,63,14093,12054,26147,15796,9461,25257,4788,4197,8985,6829,5783,12612,73064,5783,23,5806,5783,11704,17487,15350,9116,24466,23,4038,4061,6619,5577,12196,252,954,1206,44113,32294,76407,3405,4362,7767,177054,208898,1558,1.016676661,205471.4227,131.8815294,0.3576,32.5571
Bunyoro,Kibaale District,56,68,124,4012,2798,6810,6416,3640,10056,2148,1770,3918,3427,3410,6837,42,55,97,3781,2591,6372,5402,2997,8399,3064,3034,6098,1950,1573,3523,24489,1573,54,1627,1573,2607,4180,5395,3150,8545,54,3008,3062,1940,1584,3524,460,1192,1652,16059,11686,27745,2952,3478,6430,140947,237649,1153,1.053629727,225552.6717,195.6224386,0.8088,31.0335
North Central,Kiboga District,8,6,14,10153,9060,19213,13609,9353,22962,5614,5049,10663,5666,5623,11289,8,6,14,10114,9015,19129,13845,9275,23120,5631,5576,11207,5499,5034,10533,64003,5034,6,5040,5034,8892,13926,13153,9298,22451,6,5496,5502,5408,4962,10370,216,561,777,35050,29091,64141,3742,5629,9371,148218,183255,1586,1.02144618,179407.3968,113.1194179,0.8658,31.9473
Bukedi,Kibuku District,34,22,56,32560,16256,48816,38771,9774,48545,22128,18046,40174,38041,35556,73597,34,22,56,32546,16226,48772,38765,9760,48525,38038,35508,73546,22087,18025,40112,211011,18025,22,18047,18025,16246,34271,38759,9760,48519,22,35261,35283,22123,18044,40167,2253,5020,7273,131534,79654,211188,48516,35578,84094,202033,249441,484,1.021302871,244238.0289,504.6240266,1.0453,33.7993
Kigezi,Kigezi,44,18,62,23431,21217,44648,31995,26063,58058,9749,8679,18428,9473,8418,17891,41,18,59,22985,20923,43908,31111,25557,56668,9271,8210,17481,9552,8532,18084,136200,8532,18,8550,8532,20490,29022,30472,25165,55637,18,7995,8013,9382,8382,17764,411,1142,1553,74692,64395,139087,4698,8436,13134,1376774,1787231,4993,1.026435829,1741200.91,348.7284018,0.2667,31.6167
Bunyoro,Kikuube District,35,30,65,24282,15489,39771,29019,14026,43045,13748,12117,25865,25477,22804,48281,34,30,64,23855,15092,38947,28563,13731,42294,23507,22592,46099,14654,11968,26622,154026,11968,29,11997,11968,14665,26633,27793,13534,41327,29,22021,22050,13143,11500,24643,1105,3059,4164,92561,64466,157027,16391,22834,39225,267455,379547,2098,1.035622516,366491.6454,174.686199,1.2375,30.9876
Ankole,Kiruhura District,0,0,0,7461,7458,14919,7897,6490,14387,3424,3315,6739,2773,2800,5573,0,0,0,7411,7431,14842,7777,6384,14161,2740,2767,5507,3409,3308,6717,41227,3308,0,3308,3308,7429,10737,7770,6358,14128,0,2767,2767,3408,3308,6716,191,647,838,21555,20063,41618,2710,2800,5510,151023,203502,3003,1.03027357,197522.295,65.77499,0.322,30.8039
Bunyoro,Kiryandongo District,15,12,27,19822,15068,34890,15740,7383,23123,9879,8034,17913,11924,11276,23200,18,11,29,29253,14262,43515,14631,6798,21429,11293,10893,22186,9345,7801,17146,104305,7801,13,7814,7801,14889,22690,15365,7097,22462,13,11212,11225,9698,7849,17547,1634,3184,4818,57380,41773,99153,11679,11288,22967,266197,364872,3582,1.032033365,353546.7092,98.70092383,2.018,32.0837
Kigezi,Kisoro District,2,0,2,2066,2205,4271,3650,3423,7073,953,920,1873,1126,1029,2155,1,0,1,1964,2168,4132,3448,3338,6786,1100,996,2096,938,901,1839,14854,901,0,901,901,2146,3047,3393,3310,6703,0,981,981,926,896,1822,7,67,74,7797,7577,15374,1133,1029,2162,281705,433662,690,1.044084579,415351.4081,601.9585624,1.1539,29.6499
Tooro,Kitagwenda District,8,6,14,6715,5435,12150,9627,5925,15552,3135,2722,5857,3206,2707,5913,8,6,14,6715,5435,12150,9609,5933,15542,3206,2804,6010,3135,2721,5856,39572,2721,6,2727,2721,5362,8083,9179,5695,14874,6,2663,2669,3076,2691,5767,324,753,1077,22691,16795,39486,1626,2713,4339,143786,184947,677,1.025493871,180349.2008,266.3946836,,
Acholi,Kitgum District,36,17,53,37140,22754,59894,35639,12699,48338,15711,12728,28439,20430,19422,39852,33,15,48,37073,22730,59803,35455,12470,47925,20358,19361,39719,15688,12706,28394,175889,12706,13,12719,12706,22457,35163,34975,12325,47300,13,19178,19191,15506,12562,28068,1362,2638,4000,108956,67620,176576,18789,19439,38228,204048,239655,4391,1.016214565,235831.1013,53.7078345,3.3397,33.1689
West Nile,Koboko District,22,15,37,22614,11073,33687,22078,7418,29496,11116,8787,19903,13907,13175,27082,20,11,31,21523,11078,32601,22044,7383,29427,13900,13161,27061,11114,8782,19896,109016,8782,11,8793,8782,10963,19745,21895,7330,29225,11,13063,13074,11039,8720,19759,1331,2696,4027,69737,40468,110205,6719,13190,19909,206495,271781,739,1.027852876,264416.2472,357.8027702,3.5237,31.0335
Lango,Kole District,8,13,21,16692,7598,24290,17127,5584,22711,6570,4516,11086,8024,7011,15035,8,13,21,16690,7598,24288,17125,5583,22708,8021,7007,15028,6479,4494,10973,73018,4494,13,4507,4494,7525,12019,16966,5525,22491,13,6932,6945,6407,4452,10859,2695,5029,7724,48421,24722,73143,6398,7024,13422,239327,294301,1073,1.020892478,288278.1549,268.6655684,2.3031, 32.7633
Karamoja,Kotido District,58,57,115,10564,7079,17643,19652,10400,30052,8166,8229,16395,22991,21369,44360,58,55,113,10498,7006,17504,19408,10202,29610,22790,21047,43837,8103,6817,14920,105984,6817,55,6872,6817,6984,13801,19336,10176,29512,55,20960,21015,8037,6778,14815,240,1158,1398,61431,47134,108565,15853,21426,37279,181050,219734,3610,1.019553156,215519.9057,59.7008049,3.0352, 34.0641
Teso,Kumi District,40,44,84,32146,20378,52524,40544,17890,58434,13494,11022,24516,14721,14383,29104,37,39,76,32840,20173,53013,39554,17218,56772,14619,14292,28911,13434,10991,24425,163197,10991,39,11030,10991,20134,31125,39371,17121,56492,39,14254,14293,13395,10956,24351,1670,3175,4845,100945,63717,164662,12791,14427,27218,239268,286992,1005,1.018353399,281819.6516,280.4175638,1.4877,33.9304
Lango,Kwania District,4,7,11,13261,6358,19619,16694,6575,23269,5068,3907,8975,7416,6482,13898,4,7,11,13257,6352,19609,16648,6551,23199,7409,6476,13885,5063,3906,8969,65673,3906,7,3913,3906,6068,9974,16051,6311,22362,7,6243,6250,4843,3744,8587,1031,1859,2890,42443,23329,65772,5699,6489,12188,183304,216125,1223,1.016607493,212594.341,173.8302052,1.9033,32.7633
Bugisu,Kween District,0,0,0,2108,1969,4077,5328,3871,9199,893,804,1697,875,774,1649,0,0,0,2034,1938,3972,5004,3812,8816,820,725,1545,844,786,1630,15963,786,0,786,786,1851,2637,4753,3669,8422,0,671,671,771,725,1496,50,119,169,9204,7418,16622,743,774,1517,93667,129277,851,1.032745867,125177.9399,147.0951115,1.4126,34.5528
North Central,Kyankwanzi District,16,8,24,6382,4618,11000,9189,4957,14146,3608,2901,6509,4741,4283,9024,11,4,15,5936,4372,10308,8232,4514,12746,4427,3983,8410,3416,2731,6147,37626,2731,4,2735,2731,4173,6904,7825,4227,12052,4,3810,3814,3291,2593,5884,590,1591,2181,23936,16767,40703,3979,4291,8270,214693,278432,2455,1.026337332,271287.0236,110.5038793,1.2061,31.8164
Tooro,Kyegegwa District,1086,867,1953,21742,16394,38136,30951,17941,48892,14908,12082,26990,15711,14324,30035,967,781,1748,17218,13339,30557,23964,14689,38653,12731,11495,24226,11968,9867,21835,117019,9867,834,10701,9867,15576,25443,27915,16317,44232,834,13716,14550,13926,11324,25250,915,2937,3852,84398,61608,146006,11637,15191,26828,281637,501120,1882,1.059315197,473060.3332,251.3604321,0.4818,31.055
Tooro,Kyenjojo District,226,153,379,15533,11880,27413,22678,15001,37679,7734,6489,14223,8585,8019,16604,154,67,221,14411,11048,25459,19077,12471,31548,7912,7331,15243,7176,5934,13110,85581,5934,67,6001,5934,10940,16874,18678,12535,31213,67,7229,7296,7173,5899,13072,542,1372,1914,54756,41542,96298,7698,8172,15870,422204,543998,2352,1.025669629,530383.2584,225.5030861,0.6093,30.6401
South Central,Kyotera District,25,13,38,14651,12890,27541,17265,11116,28381,7820,7118,14938,6582,6013,12595,17,14,31,14580,12830,27410,16451,10980,27431,6531,5980,12511,7787,7097,14884,82267,7097,14,7111,7097,12812,19909,16312,10915,27227,14,5962,5976,7751,7058,14809,349,1275,1624,46343,37150,83493,3530,6026,9556,239563,275917,1723,1.014228644,272046.1523,157.8909763,0.6359,31.5456
Acholi,Lamwo District,50,39,89,52848,42246,95094,32350,11119,43469,21740,20173,41913,21861,21814,43675,46,34,80,44066,33670,77736,27312,9488,36800,19069,18986,38055,18293,16894,35187,187858,16894,36,16930,16894,51674,68568,31796,10902,42698,36,21466,21502,21470,19963,41433,1006,2190,3196,128849,95391,224240,18783,21853,40636,134371,213156,5588,1.047223071,203544.0261,36.42520152,3.491,32.808
Lango,Lango,383,338,721,193839,97245,291084,227475,79594,307069,77920,59037,136957,101407,91599,193006,367,321,688,192289,96385,288674,225243,78866,304109,100466,90582,191048,77137,58458,135595,920114,58458,311,58769,58458,95023,153481,221751,77709,299460,311,89346,89657,75975,57632,133607,15164,29984,45148,601024,327813,928837,86459,91937,178396,2061694,2546118,12856,1.021328455,2492947.285,193.9131367,,
Lango,Lira City,80,88,168,8910,5593,14503,15848,7745,23593,4266,3885,8151,6331,6347,12678,67,79,146,8578,5284,13862,15373,7424,22797,6005,6018,12023,3969,3606,7575,56403,3606,72,3678,3606,5197,8803,14997,7263,22260,72,5890,5962,3874,3517,7391,348,1157,1505,35435,23658,59093,6218,6435,12653,207482,245132,285,1.016815033,241078.2611,845.8886356,2.2596,32.8903
Lango,Lira District,10,9,19,14217,6975,21192,20683,6298,26981,6293,4576,10869,8736,7407,16143,10,9,19,14198,6965,21163,20639,6271,26910,8696,7360,16056,6265,4564,10829,74977,4564,9,4573,4564,6937,11501,20509,6244,26753,9,7309,7318,6252,4551,10803,592,1214,1806,49939,25265,75204,7413,7416,14829,200561,242216,1046,1.01905033,237687.9657,227.2351489,2.2316,32.9438
Busoga,Luuka District,18,14,32,28573,14764,43337,42913,15061,57974,16766,12039,28805,23895,19962,43857,15,11,26,28505,14704,43209,42793,14965,57758,23824,19876,43700,16743,12020,28763,173456,12020,11,12031,12020,14608,26628,42763,14822,57585,11,19661,19672,16584,11891,28475,2887,6783,9670,112165,61840,174005,22377,19976,42353,238020,298639,650,1.02294741,291939.7391,449.1380601,0.7251,33.3037
North Central,Luwero District,96,78,174,26945,23808,50753,34620,20010,54630,14504,13661,28165,13839,13610,27449,71,47,118,26058,23206,49264,29202,18811,48013,13207,12749,25956,14131,13269,27400,150751,13269,39,13308,13269,22752,36021,28583,18409,46992,39,12545,12584,14157,13077,27234,998,2879,3877,90004,71167,161171,14232,13688,27920,456958,616242,2216,1.030356466,598086.216,269.8945018,0.8271, 32.6277
South Central,Lwengo District,24,26,50,10422,8554,18976,11754,6292,18046,5297,4685,9982,5052,4730,9782,22,26,48,10292,8492,18784,11544,6069,17613,4952,4643,9595,5249,4647,9896,55936,4647,26,4673,4647,8133,12780,10992,5823,16815,26,4478,4504,5028,4422,9450,317,1010,1327,32549,24287,56836,2573,4756,7329,262604,325263,988,1.021629283,318376.7394,322.2436634,0.4165,31.3999
South Central,Lyantonde District,4,3,7,5341,4611,9952,5847,3688,9535,2802,2484,5286,1875,1877,3752,4,3,7,5329,4609,9938,5833,3665,9498,1871,1872,3743,2796,2480,5276,28462,2480,3,2483,2480,4344,6824,5602,3493,9095,3,1761,1764,2628,2329,4957,109,309,418,15869,12663,28532,1122,1880,3002,93753,133017,887,1.035600371,128444.334,144.8075919,0.2241,31.2168
West Nile,Madi-Okollo District,72,51,123,32213,22693,54906,27211,9394,36605,16855,14225,31080,17485,17444,34929,72,51,123,31416,21730,53146,26879,9269,36148,17112,17077,34189,17580,13776,31356,154962,13776,50,13826,13776,21795,35571,26342,9132,35474,50,16813,16863,16377,13828,30205,1171,2292,3463,93836,63807,157643,4042,17495,21537,140188,178051,2048,1.024196666,173844.5417,84.88503013,2.8218,31.2168
Bugisu,Manafwa District,7,7,14,5204,4070,9274,8648,5481,14129,3936,3300,7236,5911,5418,11329,7,7,14,5073,3965,9038,8238,5256,13494,5693,5262,10955,3767,3168,6935,40436,3168,7,3175,3168,3831,6999,7955,5149,13104,7,5143,5150,3580,3045,6625,567,925,1492,23706,18276,41982,4932,5425,10357,149544,186917,237,1.022558071,182793.5306,771.2807197,,
West Nile,Maracha District,2,4,6,27577,16210,43787,23836,8258,32094,14749,10368,25117,11648,10569,22217,2,4,6,27560,16205,43765,23793,8238,32031,11644,10553,22197,14747,10363,25110,123109,10363,3,10366,10363,15319,25682,22227,8253,30480,3,9875,9878,14103,9797,23900,1880,4149,6029,77812,45409,123221,3389,10573,13962,186134,234712,440,1.023460199,229331.8295,521.2087035,3.2873,30.9403
South Central,Masaka City,19,5,24,3319,3081,6400,5167,3867,9034,1864,1776,3640,1852,1937,3789,18,6,24,3265,3024,6289,4922,3712,8634,1828,1905,3733,1849,1760,3609,22289,1760,5,1765,1760,3036,4796,5004,3744,8748,5,1915,1920,1845,1751,3596,175,532,707,12221,10666,22887,1140,1942,3082,211591,294166,340,1.033497733,284631.4903,837.151442,0.3427,31.7369
South Central,Masaka District,12,8,20,2470,2461,4931,3144,2134,5278,1399,1242,2641,1034,1018,2052,12,8,20,2470,2456,4926,3132,2086,5218,1039,1017,2056,1391,1241,2632,14852,1241,8,1249,1241,2456,3697,3132,2088,5220,8,1015,1023,1391,1241,2632,84,241,325,8059,6863,14922,581,1026,1607,106626,115455,855,1.007987074,114540.1593,133.9650986,0.4464,31.9018
Bunyoro,Masindi District,9,4,13,10710,8379,19089,13882,8878,22760,5785,5102,10887,6995,6372,13367,9,4,13,10273,8199,18472,13320,8552,21872,6745,6154,12899,5653,4926,10579,63835,4926,4,4930,4926,7920,12846,13056,8496,21552,4,6033,6037,5432,4837,10269,566,1046,1612,37381,28735,66116,5652,6376,12028,291113,342635,3891,1.016428918,337096.8633,86.63502013,1.6873,31.7138
Busoga,Mayuge District,24,20,44,25973,13911,39884,42460,16669,59129,16149,12420,28569,22375,19878,42253,24,20,44,25811,13838,39649,42202,16565,58767,22258,19776,42034,16069,12377,28446,168940,12377,19,12396,12377,13486,25863,40916,16233,57149,19,19268,19287,15654,12024,27678,2484,4813,7297,106981,62898,169879,19081,19898,38979,473239,577563,1075,1.020121459,566170.8169,526.6705273,0.3125,33.528
Bugisu,Mbale City,123,131,254,9776,6174,15950,20230,10729,30959,5050,4332,9382,7814,7006,14820,87,83,170,9612,6075,15687,19688,10409,30097,7710,6875,14585,4979,4259,9238,69777,4259,83,4342,4259,5963,10222,19166,10133,29299,83,6743,6826,4913,4212,9125,535,1463,1998,42993,28372,71365,8240,7137,15377,266617,290414,156,1.008586083,287941.7087,1845.780184,1.0871,34.1781
Bugisu,Mbale District,5,7,12,10519,6911,17430,16171,7568,23739,5539,4478,10017,8460,7139,15599,1,0,1,10462,6863,17325,15996,7506,23502,8428,7116,15544,5496,4436,9932,66304,4436,0,4436,4436,6822,11258,15970,7431,23401,0,7073,7073,5474,4404,9878,776,1373,2149,40694,26103,66797,9414,7146,16560,222343,290356,360,1.027047984,282709.2839,785.3035663,1.0344,34.1977
Ankole,Mbarara City,5,3,8,1339,1227,2566,2877,2390,5267,1242,1227,2469,1532,1544,3076,2,2,4,1041,970,2011,2377,2055,4432,726,752,1478,564,534,1098,9023,534,2,536,534,952,1486,2341,2046,4387,2,744,746,556,524,1080,27,135,162,6995,6391,13386,618,1547,2165,199066,264425,471,1.028799021,257022.9895,545.6963684,0.6121, 30.6373
Ankole,Mbarara District,4,2,6,2804,2883,5687,3757,2295,6052,1412,1296,2708,1227,1127,2354,4,1,5,2682,2752,5434,3409,2112,5521,1087,984,2071,1344,1212,2556,15587,1212,1,1213,1212,2676,3888,3281,2074,5355,1,969,970,1317,1203,2520,39,190,229,9204,7603,16807,735,1129,1864,145838,174039,773,1.017835486,170989.3224,221.2022282,0.6121,30.6373
Ankole,Mitooma District,34,24,58,3737,3267,7004,7020,4408,11428,1969,1662,3631,1630,1341,2971,32,25,57,3485,3043,6528,6441,4090,10531,1472,1201,2673,1779,1490,3269,23058,1490,24,1514,1490,2879,4369,6207,3979,10186,24,1148,1172,1701,1423,3124,80,273,353,14390,10702,25092,1437,1365,2802,183444,226009,544,1.021085766,221341.8378,406.8783782,0.6193,30.0203
North Central,Mityana District,22,20,42,20320,16881,37201,27811,19989,47800,11642,10328,21970,10999,10190,21189,23,27,50,18498,15604,34102,24608,15599,40207,10051,9435,19486,10714,9540,20254,114099,9540,19,9559,9540,16391,25931,26253,16329,42582,19,9810,9829,11287,10063,21350,567,1841,2408,70794,57408,128202,6059,10210,16269,328964,407386,1525,1.021611499,398768.0252,261.4872296,0.4016,32.044
Karamoja,Moroto District,26,21,47,4900,3504,8404,5862,3540,9402,2868,2646,5514,6400,6354,12754,23,15,38,4861,3487,8348,5812,3431,9243,6372,6325,12697,2850,2635,5485,35811,2635,15,2650,2635,3426,6061,5698,3372,9070,15,6257,6272,2815,2602,5417,164,547,711,20056,16065,36121,6662,6375,13037,103432,103639,3533,1.000199951,103618.2814,29.32869555,2.7495,34.5971
West Nile,Moyo District,13,21,34,18161,14382,32543,14095,6347,20442,9906,8746,18652,9476,9607,19083,13,21,34,17904,14194,32098,13881,6257,20138,9402,9534,18936,9795,8661,18456,89662,8661,21,8682,8661,14063,22724,13698,6200,19898,21,9383,9404,9804,8593,18397,279,781,1060,51651,39103,90754,2970,9628,12598,95951,109572,1072,1.013362919,108127.1063,100.8648379,3.636,31.7651
South Central,Mpigi District,28,5,33,6226,5853,12079,10451,7786,18237,3410,4160,7570,3643,3667,7310,26,4,30,5975,5710,11685,9720,7158,16878,3431,3473,6904,3318,2971,6289,41786,2971,4,2975,2971,5646,8617,9684,7250,16934,4,3453,3457,3274,2920,6194,233,810,1043,23758,21471,45229,2615,3672,6287,250548,326690,1204,1.026891337,318134.9265,264.2316665,0.2274,32.3249
North Central,Mubende District,55,118,173,14507,10957,25464,23656,17958,41614,7372,6561,13933,7641,6979,14620,55,119,174,14202,10735,24937,22861,17433,40294,7408,6754,14162,7195,6336,13531,93098,6336,114,6450,6336,10753,17089,23090,17616,40706,114,6765,6879,7203,6324,13527,748,1879,2627,53231,42573,95804,7058,7097,14155,412804,522015,2711,1.023749985,509904.7692,188.0873365,0.449,31.3542
North Central,Mukono District,396,317,713,20385,17163,37548,31340,20295,51635,13211,11580,24791,12221,11206,23427,201,204,405,18744,16039,34783,28604,18419,47023,10960,10139,21099,11644,10156,21800,125110,10156,179,10335,10156,15882,26038,28309,18254,46563,179,10065,10244,11626,10186,21812,882,3172,4054,77553,60561,138114,11375,11523,22898,596804,929224,1831,1.045270922,888979.0962,485.5156178,0.2835, 32.7633
Karamoja,Nabilatuk District,24,20,44,3765,2167,5932,4929,1388,6317,2858,2138,4996,9852,8513,18365,24,20,44,3765,2167,5932,4929,1388,6317,9852,8510,18362,2858,2138,4996,35651,2138,20,2158,2138,2116,4254,4732,1363,6095,20,8063,8083,2800,2097,4897,203,523,726,21428,14226,35654,9641,8533,18174,68409,136785,1561,1.071747609,127627.9964,81.7604077,2.091,34.5971
Karamoja,Nakapiripirit District,30,32,62,5077,3297,8374,8025,7843,15868,3560,2892,6452,11757,10801,22558,13,14,27,4877,3228,8105,7335,7585,14920,11411,10422,21833,3486,2827,6313,51198,2827,13,2840,2827,3152,5979,7216,7499,14715,13,10331,10344,3440,2793,6233,244,698,942,28449,24865,53314,10477,10833,21310,88281,111681,2641,1.023790759,109085.7669,41.30472051,1.7013,34.5971
North Central,Nakaseke District,18,12,30,11171,9479,20650,14657,12489,27146,6075,5496,11571,5681,5811,11492,16,11,27,10528,8932,19460,13282,11727,25009,5200,5249,10449,5700,5314,11014,65959,5314,11,5325,5314,8486,13800,12880,12219,25099,11,5136,5147,5453,4981,10434,363,822,1185,37602,33287,70889,4696,5823,10519,197373,251398,3475,1.024489255,245388.6157,70.61542899,1.2231,32.0837
North Central,Nakasongola District,58,55,113,14807,11670,26477,15982,11315,27297,8444,7614,16058,9353,9146,18499,44,50,94,13631,10521,24152,14753,9764,24517,8781,8538,17319,7743,6876,14619,80701,6876,50,6926,6876,10895,17771,14499,10207,24706,50,8647,8697,7897,7105,15002,630,1421,2051,48644,39800,88444,8544,9201,17745,181795,226074,3314,1.022037588,221199.3009,66.74692243,1.349,32.4467
Busoga,Namayingo District,68,43,111,22387,13894,36281,36438,18179,54617,12545,10416,22961,19234,17713,36947,68,44,112,22322,13860,36182,36290,18125,54415,19212,17701,36913,12531,10406,22937,150559,10406,43,10449,10406,13828,24234,36236,18049,54285,43,17672,17715,12504,10375,22879,2710,5395,8105,90672,60245,150917,6093,17756,23849,215443,266716,587,1.021578321,261082.2827,444.7739058,0.3426,33.8411
Bugisu,Namisindwa District,40,27,67,4893,3194,8087,8167,4499,12666,2850,2294,5144,3353,2899,6252,40,27,67,4665,3109,7774,7469,4289,11758,3228,2810,6038,2776,2229,5005,30642,2229,27,2256,2229,3008,5237,7361,4258,11619,27,2728,2755,2691,2337,5028,788,1179,1967,19303,12913,32216,3462,2926,6388,204281,257346,298,1.023361195,251471.3293,843.8635212,0.9054,34.3754
Busoga,Namutumba District,11,5,16,14539,8833,23372,25639,11957,37596,9281,7377,16658,12635,11320,23955,11,5,16,14278,8741,23019,24969,11826,36795,12316,11073,23389,9149,7279,16428,99647,7279,5,7284,7279,8731,16010,24940,11819,36759,5,11033,11038,9137,7250,16387,796,2203,2999,62105,39492,101597,9727,11325,21052,252557,311339,812,1.021144992,304892.06,375.4828325,0.8493,33.6623
Karamoja,Napak District,32,33,65,7929,4459,12388,11392,3653,15045,5523,4232,9755,13212,11910,25122,32,33,65,7851,4429,12280,11256,3606,14862,13125,11859,24984,5494,4207,9701,61892,4207,33,4240,4207,4429,8636,11250,3606,14856,33,11859,11892,5494,4207,9701,392,1123,1515,38088,24287,62375,13889,11943,25832,142224,211830,4822,1.040642258,203556.9844,42.21422324,2.4265,34.331
West Nile,Nebbi District,21,13,34,27049,14404,41453,35080,12025,47105,13751,12204,25955,21396,20570,41966,20,12,32,25088,13517,38605,32796,11365,44161,20255,19447,39702,12985,11631,24616,147116,11631,13,11644,11631,14158,25789,34334,11758,46092,13,20358,20371,14216,12038,26254,1571,2834,4405,97297,59216,156513,7654,20583,28237,238757,299398,987,1.022890813,292697.9069,296.5530971,2.4104,31.2168
Teso,Ngora District,20,17,37,14329,9094,23423,20310,9050,29360,6908,5302,12210,5896,5048,10944,20,17,37,14326,9083,23409,20297,9049,29346,5894,5013,10907,6893,5265,12158,75857,5265,12,5277,5265,8780,14045,19674,8778,28452,12,4872,4884,6677,4986,11663,1906,3791,5697,47463,28511,75974,4427,5065,9492,141919,213777,640,1.041818448,205196.0208,320.6187825,1.4908,33.7518
North Central,North Central,835,719,1554,168829,136942,305771,233946,155704,389650,99031,87686,186717,105527,99721,205248,632,568,1200,160350,130764,291114,215609,143406,359015,100012,94205,194217,93793,83141,176934,1022480,83141,520,83661,83141,130019,213160,213252,143751,357003,520,93227,93747,93439,82702,176141,7983,21194,29177,608168,480772,1088940,94045,100440,194485,,,,#DIV/0!,#DIV/0!,#DIV/0!,,
Tooro,Ntoroko District,2,0,2,1713,1100,2813,2420,1208,3628,870,723,1593,1151,1081,2232,2,1,3,1660,1068,2728,2339,1166,3505,1095,1036,2131,847,688,1535,9902,688,1,689,688,940,1628,2022,1065,3087,1,956,957,778,604,1382,58,100,158,6156,4112,10268,650,1081,1731,67005,114858,1236,1.055371602,108831.8085,88.05162497,1.0125,30.3897
Ankole,Ntungamo District,38,27,65,13432,12529,25961,17651,11587,29238,5070,4584,9654,4282,3947,8229,24,16,40,13191,12252,25443,17232,11271,28503,4187,3889,8076,5000,4522,9522,71584,4522,16,4538,4522,11885,16407,16718,11012,27730,16,3734,3750,4848,4389,9237,142,582,724,40473,32674,73147,2051,3974,6025,483841,552786,1999,1.013410587,545470.9151,272.8718935,0.9807,30.2513
Acholi,Nwoya District,33,21,54,16095,8696,24791,21939,7887,29826,8989,7502,16491,14327,13977,28304,33,20,53,15727,8593,24320,21323,7749,29072,14102,13672,27774,8909,7442,16351,97570,7442,20,7462,7442,8542,15984,21194,7689,28883,20,13589,13609,8828,7370,16198,878,2077,2955,61383,38083,99466,11580,13998,25578,133506,220593,4679,1.051499558,209788.9613,44.83628154,2.6351,32.0028
West Nile,Obongi District,8,2,10,23706,16850,40556,17861,6020,23881,10448,8810,19258,11868,11734,23602,5,2,7,22377,16187,38564,15554,5552,21106,11246,10987,22233,10094,8614,18708,100618,8614,2,8616,8614,16091,24705,15451,5470,20921,2,10861,10863,130128,8416,138544,395,752,1147,63891,43416,107307,3586,11736,15322,43061,142983,837,1.127509032,126813.1749,151.5091695,3.4335,31.5827
Acholi,Omoro District,21,28,49,25247,12919,38166,25774,6379,32153,11501,8754,20255,15868,13988,29856,21,27,48,24983,12726,37709,25224,6306,31530,15741,13849,29590,11451,8698,20149,119026,8698,27,8725,8698,12657,21355,24942,6254,31196,27,13746,13773,11329,8588,19917,1256,2502,3758,78411,42068,120479,13987,14016,28003,142875,207339,1483,1.037940541,199759.9975,134.6999309,2.7152,32.492
Lango,Otuke District,8,6,14,13187,6655,19842,14776,4158,18934,6429,4757,11186,8206,7383,15589,8,6,14,13060,6590,19650,14695,4129,18824,8178,7360,15538,6390,4728,11118,65144,4728,6,4734,4728,6463,11191,14463,4052,18515,6,7224,7230,6287,4643,10930,692,1548,2240,42606,22959,65565,8179,7389,15568,104254,161069,1549,1.044460267,154212.6637,99.55627096,2.5214,33.3486
Lango,Oyam District,204,164,368,33006,15470,48476,42465,15475,57940,12285,9425,21710,18125,16617,34742,202,157,359,32940,15424,48364,42379,15454,57833,18054,16600,34654,12285,9414,21699,162909,9414,156,9570,9414,15217,24631,41383,15191,56574,156,16331,16487,12030,9249,21279,4517,7918,12435,106085,57151,163236,19063,16781,35844,383644,477464,2196,1.022118437,467131.7753,212.7193876,2.2776,32.4467
Acholi,Pader District,31,32,63,51563,29072,80635,45767,13503,59270,21811,16554,38365,24310,22430,46740,30,31,61,51524,29022,80546,45654,13393,59047,24276,22402,46678,21798,16541,38339,224671,16541,29,16570,16541,28667,45208,45054,13209,58263,29,22043,22072,21557,16327,37884,1026,2257,3283,143482,81591,225073,18454,22462,40916,178004,240159,3326,1.030402516,233072.9945,70.07606571,2.9431,32.8084
West Nile,Pakwach District,84,82,166,21415,10882,32297,18352,6315,24667,10424,8672,19096,13882,12883,26765,84,82,166,21268,10759,32027,18014,5573,23587,13756,12762,26518,10353,8628,18981,101279,8628,82,8710,8628,10607,19235,17813,5984,23797,82,12628,12710,10217,8507,18724,1060,1756,2816,64157,38834,102991,2796,12965,15761,158037,206961,877,1.027337104,201453.8355,229.7079082,2.4738,31.3999
Bukedi,Pallisa District,9,11,20,14216,6927,21143,18297,5871,24168,6849,5319,12168,9356,8067,17423,9,11,20,14126,6846,20972,18220,5778,23998,9311,8014,17325,6792,5269,12061,74376,5269,11,5280,5269,6833,12102,18059,5739,23798,11,7979,7990,6779,5257,12036,1380,2910,4290,48727,26195,74922,9081,8078,17159,275128,334697,796,1.01979224,328201.1639,412.3130199,1.2009,33.7071
South Central,Rakai District,1,3,4,20292,16119,36411,19236,10790,30026,9272,8199,17471,6897,6561,13458,0,3,3,19472,15390,34862,18531,10179,28710,6683,6364,13047,8794,7875,16669,93291,7875,3,7878,7875,16089,23964,19168,10559,29727,3,6544,6547,9239,8162,17401,386,997,1383,55698,41672,97370,2444,6564,9008,276746,346885,1528,1.02284639,339136.945,221.9482624,0.7083,31.3542
Kigezi,Rubanda District,1,0,1,226,347,573,755,1573,2328,87,61,148,75,78,153,1,0,1,210,344,554,725,1555,2280,69,71,140,69,57,126,3101,57,0,57,57,342,399,721,1550,2271,0,70,70,68,56,124,1,16,17,1144,2059,3203,73,78,151,196896,249454,660,1.023942002,243621.2204,369.1230612,1.1517,29.8352
Ankole,Rubirizi District,23,18,41,4247,3723,7970,5542,3366,8908,1843,1705,3548,1626,1459,3085,23,18,41,4241,3717,7958,5508,3356,8864,1617,1453,3070,1839,1699,3538,23471,1699,17,1716,1699,3616,5315,5357,3236,8593,17,1418,1435,1797,1659,3456,39,133,172,13281,10271,23552,2202,1477,3679,129149,168211,1096,1.026777479,163824.2009,149.4746358,0.2642,30.1084
Kigezi,Rukiga District,0,1,1,1117,1145,2262,1386,1040,2426,469,421,890,477,352,829,0,1,1,1117,1150,2267,1373,1045,2418,476,352,828,469,421,890,6404,421,1,422,421,1133,1554,1361,1020,2381,1,348,349,467,415,882,2,38,40,3449,2959,6408,165,353,518,100726,132355,426,1.027684666,128789.5056,302.322783,1.1326,30.0434
Kigezi,Rukungiri District,4,2,6,8202,7639,15841,10948,8135,19083,3245,2999,6244,2984,2797,5781,2,2,4,8139,7582,15721,10843,8057,18900,2931,2747,5678,3191,2969,6160,46463,2969,2,2971,2969,7497,10466,10678,7932,18610,2,2720,2722,3172,2925,6097,180,498,678,25383,21572,46955,987,2799,3786,314694,376110,1381,1.017987961,369464.0944,267.5337396,0.7518,29.9278
Ankole,Rwampara District,0,0,0,965,918,1883,2061,1378,3439,436,417,853,373,301,674,0,0,0,786,756,1542,1622,1039,2661,263,224,487,324,304,628,5318,304,0,304,304,756,1060,1613,1033,2646,0,224,224,320,304,624,13,88,101,3835,3014,6849,494,301,795,127725,162967,542,1.024666118,159044.0019,293.4391178,0.7476,30.482
South Central,Sembabule District,10,6,16,9770,7734,17504,14744,9529,24273,5401,4638,10039,5271,4614,9885,9,6,15,9538,7573,17111,14335,9260,23595,5145,4483,9628,5268,4549,9817,60166,4549,7,4556,4549,7531,12080,14301,9212,23513,7,4485,4492,5246,4531,9777,400,1196,1596,35196,26521,61717,2922,4620,7542,252597,305971,2317,1.019354414,300161.5492,129.5474964,0.0638,31.3542
Teso,Serere District,42,3106,3148,31178,16526,47704,26898,7753,34651,12831,10090,22921,11560,10674,22234,42,26,68,31003,16628,47631,26871,7747,34618,11534,10667,22201,12926,10084,23010,127528,10084,25,10109,10084,15804,25888,25813,7435,33248,25,10259,10284,12137,9638,21775,1364,2883,4247,82509,48149,130658,10414,13780,24194,285903,358123,1495,1.022777935,350147.3661,234.212285,1.4994,33.549
Ankole,Sheema District,1,0,1,858,1003,1861,1718,1382,3100,382,379,761,347,374,721,1,0,1,834,976,1810,1674,1345,3019,337,354,691,370,355,725,6246,355,0,355,355,954,1309,1629,1350,2979,0,342,342,362,348,710,4,30,34,3306,3138,6444,236,374,610,207343,252275,327,1.019808162,247374.9567,756.4983385,0.5515,30.3897
Bugisu,Sironko District,9,8,17,8924,5803,14727,16181,8862,25043,3799,3055,6854,4508,3973,8481,5,7,12,8557,5554,14111,15011,8282,23293,4163,3683,7846,3613,2918,6531,51793,2918,7,2925,2918,5096,8014,13762,7770,21532,7,3221,3228,3107,2618,5725,749,1720,2469,33421,21701,55122,4035,3981,8016,242421,298363,383,1.020980559,292231.8131,763.0073449,1.2302,34.2491
Teso,Soroti City,71,62,133,15748,6432,22180,31688,9537,41225,4857,3951,8808,7087,6422,13509,31,33,64,13397,6110,19507,23238,8813,32051,5824,5242,11066,4444,3550,7994,70682,3550,69,3619,3550,5844,9394,21768,8253,30021,69,4967,5036,4151,3467,7618,1111,3378,4489,59451,26404,85855,5637,6484,12121,98501,134199,205,1.031408875,130112.3185,634.6942365,,
Teso,Soroti District,48,59,107,18991,8631,27622,19700,5153,24853,6885,5038,11923,8007,7204,15211,47,58,105,18941,8615,27556,19597,5134,24731,8005,7188,15193,6871,5029,11900,79485,5029,52,5081,5029,8296,13325,18832,4967,23799,52,6894,6946,6644,4865,11509,1249,2887,4136,53631,26085,79716,8012,7263,15275,198332,266189,1034,1.029863654,258470.1372,249.9711192,1.7229,33.528
South Central,South Central,801,667,1468,149324,127802,277126,212368,137587,349955,84671,79359,164030,81933,77697,159630,466,423,889,136249,117763,254012,183006,118824,301830,69921,68478,138399,75011,68984,143995,839125,68984,433,69417,68984,116696,185680,182426,120760,303186,433,66294,66727,74281,68283,142564,3831,13883,17714,529097,423112,952209,53610,78364,131974,,,,#DIV/0!,#DIV/0!,#DIV/0!,,
West Nile,Terego District,34,19,53,45449,28770,74219,42071,13913,55984,23725,19233,42958,25193,24079,49272,31,15,46,42802,26960,69762,37220,12603,49823,23621,22461,46082,22563,18349,40912,206625,18349,15,18364,18349,26732,45081,36667,12388,49055,15,22381,22396,22222,18054,40276,1616,4228,5844,136472,86014,222486,16318,24098,40416,199303,323253,1200,1.049549371,307992.1811,256.6601509,3.171,31.1252
Teso,Teso,372,3418,3790,237960,130105,368065,271266,99204,370470,104170,77695,181865,101330,92917,194247,323,302,625,233985,128489,362474,259674,96600,356274,99210,90917,190127,98418,76732,175150,1084650,76732,325,77057,76732,126098,202830,254905,94843,349748,325,89099,89424,96347,75223,171570,13945,32226,46171,715098,403339,1118437,93402,96335,189737,1819708,2462387,11650,1.030707558,2389025.851,205.0665966,1.7159,33.6111
Tooro,Tooro,1439,1094,2533,133527,100104,233631,186288,112720,299008,69194,56746,125940,76228,70959,147187,1228,920,2148,123907,94115,218022,170255,103936,274191,70432,65511,135943,63285,55092,118377,748681,55092,977,56069,55092,95701,150793,173849,105297,279146,977,67616,68593,64978,53796,118774,4268,11571,15839,466676,341623,808299,44134,72053,116187,1587531,2154161,8383,1.03099271,2089404.687,249.2430737,0.3886,30.3436
Bukedi,Tororo District,79,65,144,34001,21197,55198,40527,16890,57417,19119,15442,34561,23371,22624,45995,73,64,137,30628,19000,49628,37024,15565,52589,21102,19316,40418,16976,13824,30800,173572,13824,57,13881,13824,20350,34174,38586,16165,54751,57,20174,20231,18267,15022,33289,1576,3374,4950,117097,76218,193315,8668,22689,31357,1881415,2372489,4504,1.023462561,2318100.427,514.6759385,0.3886,30.3436
South Central,Wakiso District,570,572,1142,48054,40393,88447,94413,62126,156539,31710,29779,61489,36336,33783,70119,327,327,654,36931,31960,68891,69081,46300,115381,25260,25465,50725,23194,21417,44611,280262,21417,337,21754,21417,32097,53514,69778,48856,118634,337,23826,24163,23063,21477,44540,997,4618,5615,211083,166653,377736,28700,34355,63055,1997418,3411177,1884,1.054978307,3233409.614,1716.247141,0.063,32.4467
West Nile,West Nile,376,315,691,375735,242149,617884,354786,134699,489485,193061,158329,351390,222196,213001,435197,407,295,702,363757,235296,599053,338185,129212,467397,216040,206716,422756,189211,154544,343755,1833663,154544,293,154837,154544,234851,389395,337550,129459,467009,293,206293,206586,308471,154016,462487,14272,31113,45385,1146154,748493,1894647,87562,213316,300878,2296403,3316255,10757,1.037432815,3196597.361,297.1643916,,
West Nile,Yumbe District,26,22,48,63719,41001,104720,60743,22221,82964,33137,26673,59810,44210,42013,86223,24,20,44,62641,40480,103121,58607,21666,80273,43448,41244,84692,32810,26259,59069,327199,26259,20,26279,26259,40413,66672,58553,21630,80183,20,41204,41224,32789,26235,59024,1657,3624,5281,201835,131930,333765,16688,42035,58723,484822,945100,2323,1.069029142,884073.1863,380.5739071,3.4698,31.2483
West Nile,Zombo District,13,12,25,15455,9598,25053,18260,8233,26493,7412,6262,13674,11811,11164,22975,13,12,25,15360,9534,24894,18061,8143,26204,11717,11068,22785,7376,6236,13612,87520,6236,12,6248,6236,9469,15705,18008,8121,26129,12,11010,11022,7343,6210,13553,445,852,1297,52951,35269,88220,4674,11176,15850,240081,312621,939,1.02675313,304475.3317,324.2548794,2.4882,30.8499
