dname2019,d,total2020,ttotal2020,2010,2016,2017,2018,2020,NAME_NORM,Region,District,0-28 DAYS FEMALE,0-28 DAYS MALE,0-28 DAYS TOTAL,10-19 YEARS FEMALE,10-19 YEARS MALE,10-19 YRS TOTAL,20+ YRS FEMALE,20+ YRS MALE,20+ YRS TOTAL,5-9YRS FEMALE,5-9YRS MALE,5-9YRS TOTAL,29 DAYS-4YRS FEMALE,29DAYS-4YRS MALE,29 DAYS - 4YRS TOTAL,0-28 DAYS (B/S & RDT) FEMALE,0-28 DAYS (B/S & RDT) MALE,0-28 DAYS  (B/S & RDT) TOTAL,10-19 YRS (B/S & RDT) FEMALE,10-19 YRS (B/S & RDT) MALE,10-19 YRS  (B/S & RDT) TOTAL,20+  (B/S &RDT) FEMALE,20+  (B/S &RDT) MALE,20 + (B/S & RDT) TOTAL,29DAYS-4YRS (B/S & RDT) FEMALE,29DAYS-4YRS (B/S & RDT) MALE,29DAYS-4 YRS  (B/S & RDT) TOTAL,5-9YRS (B/S & RDT) FEMALE,5-9YRS (B/S & RDT) MALE,5-9YRS (B/S & RDT) TOTAL,TOTAL CASES CONFIRMED(B/S & RDT),0-28 DAYS FEMALE CT,0-28 DAYS MALE  CT,0-28 DAYS TOTAL CT,10-19 YRS FEMALE CT,10-19 YRS MALE CT,10-19 YRS CT TOTAL,20 + YRS FEMALE CT,20 + YRS  MALE CT,20 + YRS CT TOTAL,29DAYS - 4YRS FEMALE CT,29 DAYS - 4YRS MALE CT,29 DAYS - 4YRS  CT TOTAL,5-9YRS FEMALE CT,5-9YRS MALE CT,5-9YRS CT TOTAL,PREG 10-19YRS,PREG 20 + YRS,TOTAL PREG,TOTAL CASES  FEMALE,TOTAL CASES  MALE,GRAND TOTAL CASES,<5YRS FEMALES TOTAL,<5YRS MALE TOTAL,< 5YRS GRAND TOTAL,POPULATION IN 2014,POPULATION IN 2024,AREA(Km2),ANNUAL GROWTH RATE[Pt?=P0?×(1+r)t],TOTAL POPULATION,POPULATION DENSITY(People per km2),CORDINATES (LATITUDE ° N),CORDINATES (LONGITUDE ° E),Incidence_Rate,DIST_NORM,local_I,local_z,local_p,lisa_q,lisa_sig,G_z,G_p,G_hot,G_cold
MASAKA,Masaka,"335,700",335700.0,MASAKA,MASAKA,MASAKA,MASAKA,MASAKA,MASAKA,South Central,Masaka District,7,4,11,2127,1811,3938,3356,2209,5565,965,884,1849,935,837,1772,7,4,11,2127,1811,3938,3356,2186,5542,935,837,1772,965,882,1847,13110,7,4,11,2099,1794,3893,3289,2159,5448,913,826,1739,959,878,1837,69,172,241,7390,5745,13135,942,841,1783,106626.0,115455.0,855.0,1.007987074,112732.1675,131.8504883,0.4464,31.9018,116.29333748062636,MASAKA,0.5345251906413787,1.6363371399545648,0.012,3,True,-0.7137599548135682,0.015,False,True
BUTEBO,Butebo,"121,200",121200.0,PALLISA,BUTEBO,BUTEBO,BUTEBO,BUTEBO,BUTEBO,Bukedi,Butebo District,26,27,53,10547,4945,15492,14872,4859,19731,8377,6177,14554,9502,8436,17938,26,27,53,10508,4931,15439,14782,4839,19621,9486,8408,17894,8362,6165,14527,67534,25,27,52,10088,4432,14520,14387,4409,18796,9103,8134,17237,7668,5574,13242,275,768,1043,43324,24444,67768,9528,8463,17991,111762.0,171433.0,236.0,1.043710436,150783.683,638.9139111,1.2393,33.83,447.8866589297995,BUTEBO,0.03726984146751979,0.2879816820079715,0.307,1,False,0.09447426858437954,0.303,False,False
ALEBTONG,Alebtong,"266,100",266100.0,ALEBTONG,ALEBTONG,ALEBTONG,ALEBTONG,ALEBTONG,ALEBTONG,Lango,Alebtong District,50,32,82,18176,8163,26339,24600,6883,31483,11431,8883,20314,15520,14135,29655,50,32,82,18108,8111,26219,24420,6816,31236,15491,14097,29588,11399,8848,20247,107372,49,32,81,17935,8038,25973,24143,6728,30871,15231,13818,29049,11292,8757,20049,1121,2262,3383,69777,38096,107873,15570,14167,29737,227541.0,283509.0,1534.0,1.022234935,265408.4183,173.0172218,2.2914,33.2139,404.5538596241278,ALEBTONG,0.042549620779139076,0.4802512979991582,0.237,1,False,0.1683740419813785,0.251,False,False
TORORO,Tororo,"597,500",597500.0,TORORO,TORORO,TORORO,TORORO,TORORO,TORORO,Bukedi,Tororo District,73,68,141,27118,16603,43721,37366,15950,53316,19424,15987,35411,24174,22213,46387,71,65,136,26638,16386,43024,36478,15411,51889,23623,21696,45319,19196,15820,35016,175384,73,66,139,26325,16214,42539,35868,15093,50961,23432,21523,44955,18981,15677,34658,1179,2094,3273,108155,70821,178976,24247,22281,46528,1881415.0,2372489.0,4504.0,1.023462561,2213035.221,491.3488502,0.3886,30.3436,79.25043322209285,TORORO,0.06944765741268585,0.17884200885744642,0.48,3,False,-0.08515589321910047,0.499,False,False
MOROTO,Moroto,"118,500",118500.0,MOROTO,MOROTO,MOROTO,MOROTO,MOROTO,MOROTO,Karamoja,Moroto District,24,14,38,6376,4283,10659,9307,5497,14804,4032,3576,7608,11351,11032,22383,22,14,36,5909,3832,9741,7822,4776,12598,10750,10422,21172,3831,3306,7137,50684,19,14,33,5932,3941,9873,8238,4992,13230,10717,10426,21143,3851,3452,7303,168,470,638,31090,24402,55492,11375,11046,22421,103432.0,103639.0,3533.0,1.000199951,103576.8565,29.31697043,2.7495,34.5971,489.3371136437222,MOROTO,0.05182591116954949,0.29966860886485364,0.309,1,False,0.09787374730906605,0.305,False,False
KAGADI,Kagadi,"430,200",430200.0,KIBAALE,KAGADI,KAGADI,KAGADI,KAGADI,KAGADI,Bunyoro,Kagadi District,12,12,24,11592,7575,19167,17745,10011,27756,6131,4824,10955,7282,6993,14275,9,9,18,10853,7197,18050,17125,9301,26426,6810,6145,12955,5718,4513,10231,67680,8,10,18,10751,7080,17831,16184,9197,25381,6431,5947,12378,5683,4411,10094,1018,1712,2730,42762,29415,72177,7294,7005,14299,351033.0,471111.0,1420.0,1.029858434,431311.1198,303.7402252,0.95,30.8,156.9168910631921,KAGADI,0.35619552429529255,1.4697050236136184,0.025,3,True,-0.5856718100944969,0.021,False,True
KAMULI,Kamuli,"558,500",558500.0,KAMULI,KAMULI,KAMULI,KAMULI,KAMULI,KAMULI,Busoga,Kamuli District,33,9,42,42587,23236,65823,73779,34521,108300,26376,19245,45621,50512,41748,92260,30,9,39,41998,22829,64827,72275,33746,106021,49326,40781,90107,25972,18905,44877,305871,30,9,39,40923,22280,63203,70424,32906,103330,47711,39696,87407,25316,18326,43642,4123,7284,11407,193287,118759,312046,50545,41757,92302,486319.0,540252.0,1515.0,1.01057259,523472.4615,345.5263772,0.9187,33.1239,584.311539758047,KAMULI,0.09972132200530469,0.2585053762591414,0.316,1,False,0.11937290693428527,0.32,False,False
BUDAKA,Budaka,"253,100",253100.0,BUDAKA,BUDAKA,BUDAKA,BUDAKA,BUDAKA,BUDAKA,Bukedi,Budaka District,13,5,18,11742,4857,16599,16516,3826,20342,10501,7745,18246,15551,13566,29117,13,5,18,11693,4828,16521,16379,3765,20144,15500,13487,28987,10417,7722,18139,83809,13,5,18,11493,4743,16236,16128,3712,19840,15173,13222,28395,10284,7592,17876,776,1520,2296,54323,29999,84322,15564,13571,29135,207597.0,281537.0,410.0,1.030935371,256945.5833,626.6965447,1.1005,34.0196,326.1741218651257,BUDAKA,-0.00554717841620638,-0.5847938391741295,0.208,2,False,0.2836534699948762,0.214,False,False
MARACHA,Maracha,"208,300",208300.0,MARACHA,MARACHA,MARACHA,MARACHA,MARACHA,MARACHA,West Nile,Maracha District,141,145,286,29893,14789,44682,31336,8763,40099,18253,12694,30947,17323,15948,33271,141,144,285,28339,14017,42356,29445,8309,37754,16241,15010,31251,17309,12028,29337,140983,141,144,285,29077,14408,43485,30223,8613,38836,16946,15625,32571,17806,12370,30176,1576,4039,5615,96946,52339,149285,17464,16093,33557,186134.0,234712.0,440.0,1.023460199,218938.6415,497.5878216,3.2873,30.9403,643.9384068252748,MARACHA,0.5610594316164328,0.794047354710483,0.157,1,False,0.5223211106165624,0.162,False,False
BUIKWE,Buikwe,"474,100",474100.0,BUIKWE,BUIKWE,BUIKWE,BUIKWE,BUIKWE,BUIKWE,North Central,Buikwe District,44,18,62,17115,14064,31179,31039,20409,51448,11158,8763,19921,15491,13924,29415,36,17,53,15945,11256,27201,27397,18939,46336,14442,12928,27370,10618,8344,18962,119922,35,17,52,15735,11142,26877,26983,18625,45608,14258,12766,27024,10496,8224,18720,983,2238,3221,74847,57178,132025,15535,13942,29477,422771.0,520158.0,1270.0,1.020946558,488794.4368,384.8775093,0.2827,0.0,245.34239952708072,BUIKWE,0.02334898754945245,0.1644952279372425,0.491,3,False,-0.0792452219254846,0.49,False,False
LUWERO,Luwero,"523,600",523600.0,LUWERO,LUWERO,LUWERO,LUWERO,LUWERO,LUWERO,North Central,Luwero District,160,115,275,22026,18714,40740,27776,17224,45000,12982,12529,25511,13311,12179,25490,78,92,170,20265,17405,37670,25287,15885,41172,11503,11223,22726,12097,11621,23718,125456,70,111,181,20161,17259,37420,25067,15728,40795,11417,11298,22715,12002,11622,23624,943,2760,3703,76255,60761,137016,13471,12294,25765,456958.0,616242.0,2216.0,1.030356466,563363.6111,254.2254563,0.8271,0.0,222.69098949262965,LUWERO,0.19532230887070776,1.155891243381091,0.068,3,False,-0.5132601339921771,0.08,False,False
MPIGI,Mpigi,"286,600",286600.0,MPIGI,MPIGI,MPIGI,MPIGI,MPIGI,MPIGI,South Central,Mpigi District,12,11,23,3252,2735,5987,7646,5940,13586,1505,1416,2921,2056,1998,4054,7,11,18,3055,2619,5674,6936,5415,12351,1849,1826,3675,1408,1359,2767,24485,6,11,17,2936,2560,5496,6618,5281,11899,1755,1743,3498,1349,1311,2660,77,402,479,14471,12100,26571,2068,2009,4077,250548.0,326690.0,1204.0,1.026891337,301691.0112,250.5739296,0.2274,32.3249,81.15919630024429,MPIGI,0.44386079906892006,1.2669566939654964,0.057,3,False,-0.5125022958957514,0.045,False,True
KAYUNGA,Kayunga,"407,700",407700.0,KAYUNGA,KAYUNGA,KAYUNGA,KAYUNGA,KAYUNGA,KAYUNGA,North Central,Kayunga District,16,19,35,14895,9052,23947,22324,11875,34199,8105,6515,14620,12079,11362,23441,16,39,55,14765,8985,23750,22190,11839,34029,11958,11266,23224,8039,6457,14496,95554,16,18,34,14617,8858,23475,21899,11614,33513,11770,11136,22906,7927,6394,14321,1156,2546,3702,57419,38823,96242,12095,11381,23476,368062.0,439175.0,1596.0,1.017821599,416507.3038,260.9694886,0.7014,32.9029,229.41734545400305,KAYUNGA,0.01790439766462264,0.12816408603865279,0.483,3,False,-0.05252322633129758,0.474,False,False
KYANKWANZI,Kyankwanzi,"282,800",282800.0,KYANKWANZI,KYANKWANZI,KYANKWANZI,KYANKWANZI,KYANKWANZI,KYANKWANZI,North Central,Kyankwanzi District,11,7,18,5878,3820,9698,10539,5337,15876,3353,2920,6273,4434,4304,8738,9,5,14,5270,3516,8786,8316,6388,14704,3997,3902,7899,3075,2686,5761,37164,9,5,14,5069,3380,8449,7913,4397,12310,3803,3715,7518,2986,2564,5550,1608,1067,2675,24215,16388,40603,4445,4311,8756,214693.0,278432.0,2455.0,1.026337332,257542.4177,104.9052618,1.2061,31.8164,144.30244280493918,KYANKWANZI,0.32544222004177237,1.3415578568201343,0.048,3,True,-0.5002008666026577,0.042,False,True
KIBOGA,Kiboga,"171,200",171200.0,KIBOGA,KIBOGA,KIBOGA,KIBOGA,KIBOGA,KIBOGA,North Central,Kiboga District,1,5,6,6139,12661,18800,10088,6987,17075,3609,3318,6927,4347,4339,8686,1,5,6,6037,5343,11380,9624,6693,16317,4116,4003,8119,3528,3241,6769,42591,1,5,6,5928,5186,11114,9416,6633,16049,4048,3961,8009,3487,3168,6655,182,569,751,24184,27310,51494,4348,4344,8692,148218.0,183255.0,1586.0,1.02144618,171952.8458,108.4191966,0.8658,31.9473,247.68999781217926,KIBOGA,0.1451771654659374,0.9776846353461063,0.115,3,False,-0.49429675689561164,0.118,False,False
MUKONO,Mukono,"701,400",701400.0,MUKONO,MUKONO,MUKONO,MUKONO,MUKONO,MUKONO,North Central,Mukono District,54,40,94,17074,13330,30404,29460,17924,47384,10224,8865,19089,11246,10704,21950,37,21,58,16369,12766,29135,27539,16874,44413,10495,9993,20488,9809,8445,18254,112348,35,19,54,15943,12449,28392,26761,16424,43185,10305,9807,20112,9596,8282,17878,593,2443,3036,68058,50863,118921,11300,10744,22044,596804.0,929224.0,1831.0,1.045270922,813642.8462,444.3707516,0.2835,0.0,138.08024064207643,MUKONO,0.2852450540547158,1.135917620183307,0.086,3,False,-0.4252814157711032,0.084,False,False
NAKASEKE,Nakaseke,"234,600",234600.0,NAKASEKE,NAKASEKE,NAKASEKE,NAKASEKE,NAKASEKE,NAKASEKE,North Central,Nakaseke District,3,3,6,7755,6197,13952,11730,9553,21283,4557,4209,8766,4633,4554,9187,2,2,4,7212,5962,13174,10169,7886,18055,4104,4066,8170,4305,3986,8291,47694,2,2,4,6962,5733,12695,9838,8299,18137,4026,3891,7917,4146,3853,7999,252,764,1016,28678,24516,53194,4636,4557,9193,197373.0,251398.0,3475.0,1.024489255,233797.356,67.27981469,1.2231,32.0837,203.9971743735203,NAKASEKE,0.22244466435222773,1.3387808100283454,0.046,3,True,-0.49965921004507247,0.042,False,True
KASSANDA,Kassanda,"312,700",312700.0,MUBENDE,MUBENDE,MUBENDE,KASSANDA,KASSANDA,KASSANDA,North Central,Kassanda District,13,12,25,7820,5728,13548,13257,7436,20693,5060,4300,9360,6004,5449,11453,7,6,13,7593,5737,13330,12967,7307,20274,5715,5335,11050,4960,4271,9231,53898,7,6,13,7338,5523,12861,12104,6950,19054,5563,5167,10730,4745,4098,8843,685,1964,2649,32154,22925,55079,6017,5461,11478,271544.0,314008.0,1819.0,1.014635493,300614.9413,165.263849,0.5761,31.7195,179.29248548631605,KASSANDA,-0.02539887944226914,-0.10169310577327782,0.39,2,False,0.04353407725055965,0.385,False,False
MBALE,Mbale,"586,300",586300.0,MBALE,MBALE,MBALE,MBALE,MBALE,MBALE,Bugisu,Mbale District,163,122,285,12625,7827,20452,19500,9474,28974,7941,6264,14205,11412,10091,21503,154,120,274,12535,7778,20313,19171,9416,28587,11199,9926,21125,7847,6184,14031,84330,154,120,274,12351,7715,20066,19015,9298,28313,11119,9835,20954,7801,6160,13961,1509,1371,2880,51641,33778,85419,11575,10213,21788,222343.0,290356.0,360.0,1.027047984,268014.692,744.4852555,1.0344,34.1977,314.64692987800834,MBALE,0.010458197811638266,0.483196064991022,0.324,3,False,-0.17469674552871473,0.355,False,False
BUKWO,Bukwo,"119,100",119100.0,BUKWO,BUKWO,BUKWO,BUKWO,BUKWO,BUKWO,Bugisu,Bukwo District,0,0,0,2206,1847,4053,2655,2462,5117,1333,1192,2525,1070,953,2023,0,0,0,1822,1576,3398,2061,2001,4062,868,769,1637,1119,999,2118,11215,0,0,0,1785,1532,3317,2009,1970,3979,851,763,1614,1105,993,2098,76,124,200,7264,6454,13718,1070,953,2023,89356.0,114396.0,525.0,1.025011439,106224.5019,202.3323845,1.2819,34.7299,105.57827807522061,BUKWO,0.5591521041957311,1.056733531770253,0.102,3,False,-0.7117248629033598,0.1,False,False
KAPCHORWA,Kapchorwa,"123,800",123800.0,KAPCHORWA,KAPCHORWA,KAPCHORWA,KAPCHORWA,KAPCHORWA,KAPCHORWA,Bugisu,Kapchorwa District,4,3,7,913,830,1743,2017,1445,3462,478,424,902,429,399,828,4,3,7,853,800,1653,1860,1380,3240,405,376,781,456,411,867,6548,4,3,7,844,793,1637,1843,1371,3214,400,369,769,452,409,861,9,27,36,3841,3101,6942,433,402,835,105186.0,133621.0,212.0,1.024216287,124365.4325,586.6293984,1.3514,34.3754,52.65128636126441,KAPCHORWA,0.7273462850149517,1.1174379346127528,0.082,3,False,-0.7522316556685505,0.086,False,False
BUKEDEA,Bukedea,"259,300",259300.0,BUKEDEA,BUKEDEA,BUKEDEA,BUKEDEA,BUKEDEA,BUKEDEA,Teso,Bukedea District,14,13,27,9429,4294,13723,15754,5672,21426,4005,2732,6737,5581,5020,10601,14,13,27,9421,4272,13693,15597,5648,21245,5541,5008,10549,4002,2730,6732,52246,14,13,27,9302,4227,13529,15558,5607,21165,5385,4890,10275,3910,2687,6597,1050,2468,3518,34783,17731,52514,5595,5033,10628,203600.0,282864.0,1032.0,1.033427444,256293.5679,248.3464805,1.3557,34.1087,203.85217010356348,BUKEDEA,-0.02640911955505356,-0.18672619276027377,0.356,2,False,0.05553061480471259,0.347,False,False
KABAROLE,Kabarole,"337,800",337800.0,KABAROLE,KABAROLE,KABAROLE,KABAROLE,KABAROLE,KABAROLE,Tooro,Kabarole District,15,1,16,3603,3102,6705,8163,6148,14311,2020,1790,3810,2409,2254,4663,1,1,2,3059,2682,5741,6902,5153,12055,1997,1745,3742,1780,1590,3370,24910,1,1,2,2970,2580,5550,6760,5180,11940,1860,1663,3523,1634,1472,3106,44,211,255,16210,13295,29505,2424,2255,4679,196749.0,230368.0,1184.0,1.015900003,219719.8361,185.5741859,0.6833,0.0,113.3716483779955,KABAROLE,0.29972740522992436,1.070232397200917,0.103,3,False,-0.3974839777637519,0.101,False,False
MASINDI,Masindi,"340,500",340500.0,MASINDI,MASINDI,MASINDI,MASINDI,MASINDI,MASINDI,Bunyoro,Masindi District,9,4,13,5380,3951,9331,10702,8003,18705,3159,2639,5798,4613,4238,8851,7,2,9,5121,3637,8758,9718,6619,16337,4395,3913,8308,2970,2467,5437,38849,7,2,9,5040,3597,8637,9759,6833,16592,4303,3856,8159,2889,2434,5323,189,567,756,23863,18835,42698,4622,4242,8864,291113.0,342635.0,3891.0,1.016428918,326287.688,83.85702596,1.6873,31.7138,119.06364055023737,MASINDI,0.22195244914839887,0.8122882971573179,0.181,3,False,-0.3034016041922859,0.191,False,False
KITAGWENDA,Kitagwenda,"178,300",178300.0,KAMWENGE,KAMWENGE,KAMWENGE,KAMWENGE,KITAGWENDA,KITAGWENDA,Tooro,Kitagwenda District,1,1,2,5922,4203,10125,8784,4813,13597,2106,1828,3934,3068,2454,5522,1,1,2,5733,4071,9804,8349,4579,12928,2987,2386,5373,2029,1788,3817,31924,1,1,2,5670,4035,9705,8385,4537,12922,2974,2375,5349,2007,1772,3779,321,764,1085,19881,13299,33180,3069,2455,5524,143786.0,184947.0,677.0,1.025493871,171493.666,253.31413,0.0,0.0,186.15264776018026,KITAGWENDA,0.06900001178668234,0.266639403413743,0.451,3,False,-0.13890788862372622,0.421,False,False
BUSIA,Busia,"384,000",384000.0,BUSIA,BUSIA,BUSIA,BUSIA,BUSIA,BUSIA,Bukedi,Busia District,37,23,60,26108,15751,41859,43824,19375,63199,16144,12730,28874,24129,22636,46765,31,19,50,25762,15670,41432,42438,19190,61628,23935,22395,46330,16159,12690,28849,178289,31,19,50,25602,15503,41105,42487,19036,61523,23915,22268,46183,16115,12642,28757,1175,2051,3226,110242,70515,180757,24166,22659,46825,323662.0,412671.0,729.0,1.024592621,383663.3188,526.2871315,0.4045,34.0196,464.70170919034445,BUSIA,-0.02741536607103273,-0.06570910219009762,0.478,4,False,-0.05531409528676425,0.472,False,False
KALANGALA,Kalangala,"67,200",67200.0,KALANGALA,KALANGALA,KALANGALA,KALANGALA,KALANGALA,KALANGALA,South Central,Kalangala District,11,81,92,1357,1224,2581,3597,3681,7278,876,787,1663,1089,1088,2177,10,4,14,1286,1210,2496,3475,3629,7104,1044,1070,2114,802,737,1539,13267,10,4,14,1259,1172,2431,3434,3573,7007,1047,1055,2102,794,736,1530,37,334,371,6930,6861,13791,1100,1169,2269,54293.0,74411.0,452.0,1.03202289,67696.95749,149.7720298,0.6351,32.5373,195.9763110766058,KALANGALA,0.2727302706335953,1.3002784868952968,0.046,3,True,-0.5761732136563541,0.049,False,True
NTUNGAMO,Ntungamo,"540,800",540800.0,NTUNGAMO,NTUNGAMO,NTUNGAMO,NTUNGAMO,NTUNGAMO,NTUNGAMO,Ankole,Ntungamo District,22,17,39,7628,6371,13999,13513,8239,21752,3056,2811,5867,2865,2566,5431,22,16,38,7221,6116,13337,12445,7683,20128,2624,2386,5010,2943,2707,5650,44163,22,16,38,7000,5924,12924,11980,7490,19470,2576,2345,4921,2849,2647,5496,121,458,579,27084,20004,47088,2887,2583,5470,483841.0,552786.0,1999.0,1.013410587,531129.8684,265.6977831,0.9807,30.2513,83.14915546557125,NTUNGAMO,0.747040313787477,2.1778650685894667,0.001,3,True,-0.8648281554729056,0.002,False,True
MBARARA,Mbarara,"390,700",390700.0,MBARARA,MBARARA,MBARARA,MBARARA,MBARARA,MBARARA,Ankole,Mbarara District,4,4,8,1233,1112,2345,2411,1671,4082,584,515,1099,627,546,1173,3,2,5,1145,1044,2189,2163,1504,3667,566,499,1065,537,481,1018,7944,1,2,3,1125,1022,2147,2097,1442,3539,554,485,1039,526,477,1003,35,111,146,4859,3848,8707,631,550,1181,145838.0,174039.0,773.0,1.017835486,165049.3489,213.5179158,0.6121,30.6373,48.131059304045515,MBARARA,0.6855932179861539,1.7526599564583278,0.007,3,True,-0.6984769919845225,0.007,False,True
MITOOMA,Mitooma,"194,300",194300.0,MITOOMA,MITOOMA,MITOOMA,MITOOMA,MITOOMA,MITOOMA,Ankole,Mitooma District,1,0,1,4084,3271,7355,7318,3811,11129,1995,1816,3811,1964,1707,3671,1,0,1,3798,3100,6898,6450,3471,9921,1721,1513,3234,1872,1713,3585,23639,1,0,1,3725,3028,6753,6328,3376,9704,1696,1478,3174,1848,1694,3542,47,239,286,15362,10605,25967,1965,1707,3672,183444.0,226009.0,544.0,1.021085766,212294.6585,390.247534,0.6193,30.0203,111.34995184063946,MITOOMA,0.7109131732024988,1.8523509890664422,0.002,3,True,-0.9265365117285143,0.004,False,True
NAKASONGOLA,Nakasongola,"215,200",215200.0,NAKASONGOLA,NAKASONGOLA,NAKASONGOLA,NAKASONGOLA,NAKASONGOLA,NAKASONGOLA,North Central,Nakasongola District,58,34,92,10300,7464,17764,13037,9234,22271,6829,5788,12617,8218,8088,16306,30,9,39,9607,6906,16513,11770,7957,19727,7370,7213,14583,6213,5395,11608,62470,48,9,57,9813,7154,16967,11764,11575,23339,7495,7439,14934,6467,5481,11948,354,1170,1524,38442,30608,69050,8276,8122,16398,181795.0,226074.0,3314.0,1.022037588,211762.967,63.89950725,1.349,32.4467,294.9996445790259,NAKASONGOLA,0.04028728930762756,0.8385886982005618,0.174,3,False,-0.31327861919136885,0.177,False,False
MUBENDE,Mubende,"554,800",554800.0,MUBENDE,MUBENDE,MUBENDE,MUBENDE,MUBENDE,MUBENDE,North Central,Mubende District,15,12,27,11312,8370,19682,19387,13274,32661,5413,4559,9972,5551,4932,10483,15,11,26,10799,9052,19851,18382,12301,30683,5213,4644,9857,4916,4223,9139,69556,15,11,26,10635,7038,17673,18052,12134,30186,5204,4665,9869,4922,4235,9157,429,1012,1441,41678,31147,72825,5566,4944,10510,412804.0,522015.0,2711.0,1.023749985,486520.626,179.4616842,0.449,31.3542,142.96618947456506,MUBENDE,0.1984361365913673,0.8184234249227759,0.184,3,False,-0.30480356335521086,0.184,False,False
BUVUMA,Buvuma,"128,900",128900.0,BUVUMA,BUVUMA,BUVUMA,BUVUMA,BUVUMA,BUVUMA,North Central,Buvuma District,1,2,3,2844,1663,4507,5993,3253,9246,1885,1532,3417,3456,3054,6510,1,2,3,2801,1637,4438,5820,3161,8981,3360,2941,6301,1855,1513,3368,23091,1,2,3,2819,1646,4465,5754,3182,8936,3393,2994,6387,1867,1510,3377,226,455,681,14179,9504,23683,3457,3056,6513,8989.0,110832.0,296.0,1.285568963,52164.97857,176.2330357,0.3765,33.2588,442.6533017552048,BUVUMA,-0.15678539991485177,-0.8004566254823402,0.182,4,False,-0.3999602879308009,0.174,False,False
KABERAMAIDO,Kaberamaido,"132,700",132700.0,KABERAMAIDO,KABERAMAIDO,KABERAMAIDO,KABERAMAIDO,KABERAMAIDO,KABERAMAIDO,Teso,Kaberamaido District,20,3,23,15630,8646,24276,14706,5369,20075,8163,6736,14899,9487,8704,18191,20,3,23,14795,8307,23102,14715,4999,19714,9044,8221,17265,7840,6402,14242,74346,20,3,23,15181,8381,23562,13941,5012,18953,9162,8359,17521,7922,6527,14449,743,1273,2016,48006,29458,77464,9507,8707,18214,105152.0,140986.0,689.0,1.02975959,129112.5485,187.391217,1.6325,0.0,575.8231935139905,KABERAMAIDO,0.16484284926022608,0.4062697121492454,0.265,1,False,0.19924874183133723,0.246,False,False
SOROTI,Soroti,"363,600",363600.0,SOROTI,SOROTI,SOROTI,SOROTI,SOROTI,SOROTI,Teso,Soroti District,24,25,49,20058,8227,28285,24422,7736,32158,8636,6681,15317,8646,7912,16558,22,23,45,20048,8227,28275,24419,7734,32153,8646,7923,16569,8636,6688,15324,92366,22,23,45,19588,8067,27655,24056,7626,31682,8523,7805,16328,8513,6599,15112,2206,4108,6314,61786,30581,92367,8670,7937,16607,198332.0,266189.0,1034.0,1.029863654,243697.4084,235.6841474,1.7229,33.528,379.0192132383793,SOROTI,0.04615793864592169,0.6466198336337615,0.185,1,False,0.27932845875566076,0.186,False,False
BUNYANGABU,Bunyangabu,"195,100",195100.0,KABAROLE,KABAROLE,BUNYANGABU,BUNYANGABU,BUNYANGABU,BUNYANGABU,Tooro,Bunyangabu District,5,0,5,2210,1953,4163,3535,2766,6301,1193,1054,2247,1283,1252,2535,6,7,13,2089,1840,3929,3310,2606,5916,1179,1161,2340,1150,1006,2156,14354,6,0,6,1932,1718,3650,3175,2507,5682,1108,1124,2232,1084,938,2022,66,151,217,8226,7025,15251,1288,1252,2540,170247.0,219012.0,466.0,1.025507508,203072.6229,435.7781606,0.4871,30.2051,70.68407250084324,BUNYANGABU,0.25489867477106737,0.4919406063120155,0.326,3,False,-0.28578531277996966,0.319,False,False
IBANDA,Ibanda,"277,300",277300.0,IBANDA,IBANDA,IBANDA,IBANDA,IBANDA,IBANDA,Ankole,Ibanda District,7,8,15,19716,14786,34502,35514,21555,57069,8361,7016,15377,7151,6277,13428,1,5,6,17856,13681,31537,31713,18865,50578,6386,5547,11933,7609,6147,13756,107810,1,5,6,17365,13277,30642,30857,18520,49377,6279,5388,11667,7502,6035,13537,305,791,1096,70749,49642,120391,7158,6285,13443,249625.0,309466.0,622.0,1.021721392,290145.2616,466.4714816,0.0966,30.4818,371.5724992560071,IBANDA,-0.07596310705717328,-1.465634925904008,0.026,4,True,-0.5421858118176766,0.027,False,True
WAKISO,Wakiso,"2,915,200",2915200.0,WAKISO,WAKISO,WAKISO,WAKISO,WAKISO,WAKISO,South Central,Wakiso District,654,577,1231,32041,26185,58226,75301,53852,129153,21223,20772,41995,27478,26158,53636,315,229,544,23072,19383,42455,50271,35251,85522,17831,16499,34330,14787,13299,28086,190937,263,188,451,23613,19588,43201,51219,36982,88201,18122,16758,34880,14706,13287,27993,981,4008,4989,156697,127544,284241,28132,26735,54867,1997418.0,3411177.0,1884.0,1.054978307,2905184.15,1542.029804,0.063,32.4467,65.72285615698407,WAKISO,0.5421947865447213,1.5905938255373078,0.02,3,True,-0.5893510404463146,0.017,False,True
AMOLATAR,Amolatar,"170,100",170100.0,AMOLATAR,AMOLATAR,AMOLATAR,AMOLATAR,AMOLATAR,AMOLATAR,Lango,Amolatar District,3,5,8,13572,8032,21604,15140,6861,22001,7990,7019,15009,7601,7285,14886,3,5,8,13571,8032,21603,15040,6860,21900,7601,7275,14876,7990,7019,15009,73396,3,5,8,13364,7951,21315,14955,6829,21784,7536,7213,14749,7928,6953,14881,430,818,1248,44306,29202,73508,7604,7290,14894,147166.0,188715.0,1163.0,1.025179454,175148.6284,150.6007123,1.6054,32.8084,419.0498131243145,AMOLATAR,0.0027451036216909093,0.04580372711071914,0.41,1,False,0.011229683891128866,0.398,False,False
LAMWO,Lamwo,"143,800",143800.0,LAMWO,LAMWO,LAMWO,LAMWO,LAMWO,LAMWO,Acholi,Lamwo District,25,22,47,43426,28582,72008,27793,10158,37951,19503,16514,36017,19376,18936,38312,24,18,42,42917,28293,71210,27235,10040,37275,19163,18763,37926,19308,16402,35710,182163,24,18,42,42097,28178,70275,27205,10015,37220,18988,18688,37676,19296,16364,35660,875,1932,2807,110123,74212,184335,19401,18958,38359,134371.0,213156.0,5588.0,1.047223071,185600.8488,33.21418196,3.491,32.808,981.4771924685293,LAMWO,2.4513278975646284,2.268553017372232,0.029,1,True,1.1132905911820117,0.037,True,False
KAABONG,Kaabong,"125,400",125400.0,KAABONG,KAABONG,KAABONG,KAABONG,KAABONG,KAABONG,Karamoja,Kaabong District,181,114,295,5302,3805,9107,11093,5919,17012,3060,2797,5857,8421,8039,16460,13,18,31,5191,3721,8912,10646,5700,16346,8233,7899,16132,3006,2665,5671,47092,13,18,31,5178,3708,8886,10582,5668,16250,8229,7894,16123,2988,2657,5645,137,1131,1268,28057,20674,48731,8602,8153,16755,116646.0,264631.0,4751.0,1.085368184,206970.9808,43.56366677,3.5696,34.242,227.5294817562173,KAABONG,-0.12253887919595874,-0.6193853776203995,0.186,2,False,0.3323626668346877,0.2,False,False
IGANGA,Iganga,"402,600",402600.0,IGANGA,IGANGA,IGANGA,IGANGA,IGANGA,IGANGA,Busoga,Iganga District,34,19,53,30037,18056,48093,53929,26054,79983,18151,14109,32260,25978,22825,48803,30,18,48,28974,17169,46143,51858,24688,76546,25065,22211,47276,17473,13484,30957,200970,29,17,46,28196,16631,44827,50548,23515,74063,24647,21666,46313,16915,13100,30015,1871,4206,6077,128129,81063,209192,26012,22844,48856,339311.0,426958.0,633.0,1.023242857,398518.9621,629.57182,0.7236,33.4832,504.2921896137298,IGANGA,0.17772553498037608,0.6934619991065993,0.175,1,False,0.29825530146572854,0.17,False,False
NAMAYINGO,Namayingo,"237,000",237000.0,NAMAYINGO,NAMAYINGO,NAMAYINGO,NAMAYINGO,NAMAYINGO,NAMAYINGO,Busoga,Namayingo District,28,16,44,20574,12639,33213,36963,19931,56894,14135,11191,25326,21691,19666,41357,28,13,41,20190,12194,32384,36024,19350,55374,20789,18846,39635,13687,10806,24493,151927,28,13,41,20487,12378,32865,36607,19731,56338,21209,19049,40258,13922,10978,24900,1828,3131,4959,93391,63443,156834,21719,19682,41401,215443.0,266716.0,587.0,1.021578321,250169.3297,426.1828444,0.3426,33.8411,607.2966665505679,NAMAYINGO,0.019078572146379282,0.0652786591705391,0.393,1,False,0.026980770914746266,0.393,False,False
RUKUNGIRI,Rukungiri,"333,800",333800.0,RUKUNGIRI,RUKUNGIRI,RUKUNGIRI,RUKUNGIRI,RUKUNGIRI,RUKUNGIRI,Kigezi,Rukungiri District,3,2,5,7142,5861,13003,10124,7154,17278,2950,2593,5543,3206,2973,6179,2,18,20,6830,5679,12509,9168,6787,15955,2989,2766,5755,2807,2491,5298,39537,2,2,4,6780,5623,12403,9041,6679,15720,2946,2757,5703,2784,2479,5263,109,390,499,23425,18583,42008,3209,2975,6184,314694.0,376110.0,1381.0,1.017987961,356522.5098,258.1625705,0.7518,29.9278,110.89622369757029,RUKUNGIRI,0.6518412251100855,2.2913559517171023,0.001,3,True,-0.8483101961465278,0.002,False,True
PAKWACH,Pakwach,"196,800",196800.0,NEBBI,NEBBI,PAKWACH,PAKWACH,PAKWACH,PAKWACH,West Nile,Pakwach District,74,63,137,18477,8693,27170,20904,8557,29461,10181,7819,18000,17651,16701,34352,76,60,136,16651,7813,24464,18709,7914,26623,16601,15545,32146,9191,7006,16197,99566,73,63,136,17835,8372,26207,20273,8336,28609,17093,16135,33228,9864,7550,17414,1128,2172,3300,67287,41833,109120,17725,16764,34489,158037.0,206961.0,877.0,1.027337104,190875.2386,217.6456541,2.4738,31.3999,521.6286865194257,PAKWACH,0.3949826857336462,1.3733864394169217,0.066,1,False,0.5983775738479853,0.066,False,False
RUBANDA,Rubanda,"208,500",208500.0,KABALE,KABALE,RUBANDA,RUBANDA,RUBANDA,RUBANDA,Kigezi,Rubanda District,0,0,0,138,253,391,582,1167,1749,38,55,93,104,87,191,0,0,0,134,245,379,559,1157,1716,100,83,183,33,51,84,2362,0,0,0,130,238,368,539,1130,1669,98,80,178,33,49,82,14,19,33,862,1562,2424,104,87,191,196896.0,249454.0,660.0,1.023942002,232361.6216,352.063063,1.1517,29.8352,10.165189861112589,RUBANDA,1.021088092368136,2.137183607638237,0.001,3,True,-0.9171064664858694,0.001,False,True
LUUKA,Luuka,"267,100",267100.0,LUUKA,LUUKA,LUUKA,LUUKA,LUUKA,LUUKA,Busoga,Luuka District,43,41,84,23881,12104,35985,40827,16571,57398,15656,11097,26753,24186,20372,44558,43,41,84,23872,12046,35918,40784,16544,57328,24151,20353,44504,15629,11074,26703,164537,43,41,84,23869,11965,35834,40553,16511,57064,24120,20333,44453,15610,10992,26602,2072,5165,7237,104593,60185,164778,24229,20413,44642,238020.0,298639.0,650.0,1.02294741,278988.6922,429.2133727,0.7251,33.3037,589.7622541706728,LUUKA,0.22491692068925362,0.6930863421978651,0.176,1,False,0.255770422771045,0.167,False,False
KOLE,Kole,"284,300",284300.0,KOLE,KOLE,KOLE,KOLE,KOLE,KOLE,Lango,Kole District,5,8,13,14158,5978,20136,19316,7020,26336,5803,4079,9882,10717,9706,20423,5,7,12,14142,5966,20108,19248,6992,26240,10696,9668,20364,5788,4063,9851,76575,5,7,12,14141,5966,20107,19246,6992,26238,10695,9667,20362,5787,4063,9850,1969,4340,6309,49999,26791,76790,10722,9714,20436,239327.0,294301.0,1073.0,1.020892478,276599.7132,257.7816526,2.3031,0.0,276.8441048405252,KOLE,0.02842930719424773,0.29596654543595274,0.428,3,False,-0.14894550493559172,0.409,False,False
KALIRO,Kaliro,"288,500",288500.0,KALIRO,KALIRO,KALIRO,KALIRO,KALIRO,KALIRO,Busoga,Kaliro District,46,39,85,12549,6560,19109,26866,13294,40160,7617,5271,12888,15155,13371,28526,44,37,81,12523,6547,19070,26757,13269,40026,15098,13316,28414,7587,5262,12849,100440,44,37,81,12431,6491,18922,26488,13158,39646,15034,13259,28293,7570,5242,12812,3339,5615,8954,62233,38535,100768,15201,13410,28611,286397.0,236199.0,779.0,0.980914059,250256.3912,321.2533905,0.8927,33.5028,401.3483912174308,KALIRO,0.07626985334245531,0.847177277269271,0.146,1,False,0.313960256216858,0.143,False,False
OMORO,Omoro,"196,400",196400.0,GULU,OMORO,OMORO,OMORO,OMORO,OMORO,Acholi,Omoro District,22,9,31,23022,10602,33624,21853,6638,28491,9999,7595,17594,12325,10899,23224,20,8,28,22374,10461,32835,20812,6465,27277,12033,10656,22689,9858,7508,17366,100195,20,8,28,22199,10390,32589,20513,6384,26897,12909,10536,23445,9805,7468,17273,1239,2850,4089,67221,35743,102964,12347,10908,23255,142875.0,207339.0,1483.0,1.037940541,185422.9869,125.032358,2.7152,32.492,540.3591090571522,OMORO,0.4251071219493728,1.5620629818823268,0.053,1,False,0.5869835651204135,0.066,False,False
RUKIGA,Rukiga,"105,400",105400.0,KABALE,KABALE,RUKIGA,RUKIGA,RUKIGA,RUKIGA,Kigezi,Rukiga District,0,0,0,894,774,1668,1203,947,2150,468,409,877,424,400,824,0,0,0,875,769,1644,1166,925,2091,420,390,810,464,401,865,5410,0,0,0,774,675,1449,1050,831,1881,359,322,681,385,336,721,3,35,38,2989,2530,5519,424,400,824,100726.0,132355.0,426.0,1.027684666,121944.0804,286.2537099,1.1326,30.0434,44.364597135458816,RUKIGA,0.9815476219699122,2.0132326418625657,0.001,3,True,-0.984026160659934,0.002,False,True
AMURU,Amuru,"216,800",216800.0,AMURU,AMURU,AMURU,AMURU,AMURU,AMURU,Acholi,Amuru District,11,11,22,26380,13275,39655,24407,9129,33536,12013,9420,21433,14648,13927,28575,11,10,21,25422,12986,38408,22529,8402,30931,14178,13478,27656,11757,9150,20907,117923,10,10,20,25104,12815,37919,22111,8261,30372,13974,13297,27271,11640,9050,20690,768,1352,2120,77459,45762,123221,14659,13938,28597,186696.0,247574.0,3619.0,1.028624826,227475.1853,62.85581245,3.1042,32.0837,518.3994018709345,AMURU,1.3296214151150099,5.568019691258345,0.001,1,True,2.0369618147515944,0.001,True,False
KITGUM,Kitgum,"223,600",223600.0,KITGUM,KITGUM,KITGUM,KITGUM,KITGUM,KITGUM,Acholi,Kitgum District,36,24,60,26680,14109,40789,24974,8931,33905,12018,9612,21630,15799,15589,31388,31,17,48,25760,13561,39321,23195,8455,31650,15022,14859,29881,11539,9161,20700,121600,25,17,42,25331,13445,38776,23135,8438,31573,14999,14819,29818,11461,9150,20611,1041,1691,2732,79507,48265,127772,15835,15613,31448,204048.0,239655.0,4391.0,1.016214565,228365.371,52.00759985,3.3397,33.1689,532.48003174702,KITGUM,0.7681575900322383,2.5584083553311507,0.034,1,True,1.0971541746846305,0.036,True,False
KANUNGU,Kanungu,"277,300",277300.0,KANUNGU,KANUNGU,KANUNGU,KANUNGU,KANUNGU,KANUNGU,Kigezi,Kanungu District,8,8,16,10267,8108,18375,14192,8964,23156,4285,3520,7805,4341,3761,8102,11,5,16,9841,7761,17602,13411,8508,21919,4192,3648,7840,4161,3409,7570,54947,11,5,16,9995,7855,17850,13759,8683,22442,4186,3673,7859,4161,3433,7594,156,516,672,33093,24361,57454,4349,3769,8118,252144.0,310062.0,1275.0,1.020892447,291412.7654,228.5590317,0.8195,0.0,188.5538539280476,KANUNGU,0.5069609535918215,1.8526447714899656,0.001,3,True,-1.0130886274411883,0.002,False,True
ZOMBO,Zombo,"283,100",283100.0,ZOMBO,ZOMBO,ZOMBO,ZOMBO,ZOMBO,ZOMBO,West Nile,Zombo District,23,19,42,16038,9930,25968,22005,9543,31548,8409,7044,15453,15908,14975,30883,5,4,9,15611,9724,25335,20533,9039,29572,14880,14001,28881,8232,6912,15144,98941,4,4,8,15305,9104,24409,19375,8502,27877,14137,13279,27416,7823,6569,14392,652,1124,1776,62383,41511,103894,15931,14994,30925,240081.0,312621.0,939.0,1.02675313,288815.1967,307.5774193,2.4882,30.8499,342.57546393160413,ZOMBO,0.036147582041022995,1.4370856185138565,0.054,1,False,0.9505591897021005,0.068,False,False
JINJA,Jinja,"515,100",515100.0,JINJA,JINJA,JINJA,JINJA,JINJA,JINJA,Busoga,Jinja District,38,26,64,16497,9211,25708,31265,15108,46373,11286,8339,19625,18488,15081,33569,34,24,58,15670,8742,24412,28949,14175,43124,17465,14257,31722,10842,7994,18836,118152,34,23,57,15415,8672,24087,28504,14027,42531,17159,14004,31163,10675,7916,18591,845,1804,2649,77574,47765,125339,18526,15107,33633,224168.0,280905.0,499.0,1.022818525,262520.7968,526.0937812,0.5349,33.2139,450.0672001617206,JINJA,0.08139234493308987,0.4587710089568186,0.258,1,False,0.19912185504389318,0.227,False,False
YUMBE,Yumbe,"663,600",663600.0,YUMBE,YUMBE,YUMBE,YUMBE,YUMBE,YUMBE,West Nile,Yumbe District,49,52,101,66544,40191,106735,95463,24810,120273,44407,36565,80972,67720,64500,132220,40,39,79,63722,38122,101844,67085,23388,90473,64864,62338,127202,41578,34135,75713,395311,40,56,96,62955,37641,100596,66144,23045,89189,63872,61007,124879,41259,33624,74883,2389,4689,7078,274183,166118,440301,67769,64552,132321,484822.0,945100.0,2323.0,1.069029142,773586.9412,333.012028,3.4698,31.2483,511.0104358623059,YUMBE,0.957566518522346,3.5651536991085595,0.016,1,True,1.5282766000007895,0.015,True,False
BUYENDE,Buyende,"414,600",414600.0,BUYENDE,BUYENDE,BUYENDE,BUYENDE,BUYENDE,BUYENDE,Busoga,Buyende District,57,49,106,8446,4311,12757,14990,6982,21972,5733,4484,10217,12751,12098,24849,57,49,106,8445,4314,12759,15233,6981,22214,12749,12099,24848,5733,4484,10217,70144,57,49,106,8445,4311,12756,14990,6981,21971,12751,12090,24841,5733,4484,10217,2784,4775,7559,41977,27924,69901,12808,12147,24955,323067.0,403486.0,1379.0,1.022477093,377457.1956,273.7180534,1.2414,33.1239,185.83299197277245,BUYENDE,-0.1343792190917179,-0.7001724317506717,0.174,2,False,0.2587714106569046,0.169,False,False
KISORO,Kisoro,"315,400",315400.0,KISORO,KISORO,KISORO,KISORO,KISORO,KISORO,Kigezi,Kisoro District,1,1,2,517,605,1122,1718,1751,3469,254,213,467,430,405,835,1,0,1,410,532,942,1336,1554,2890,269,265,534,218,187,405,4772,1,0,1,404,523,927,1326,1523,2849,267,262,529,216,183,399,2,23,25,2920,2975,5895,431,406,837,281705.0,433662.0,690.0,1.044084579,381016.9748,552.1985142,1.1539,29.6499,12.524376381143846,KISORO,0.9144374193738688,1.2681887921244075,0.043,3,True,-0.8280887752418153,0.044,False,True
NAKAPIRIPIRIT,Nakapiripirit,"113,300",113300.0,NAKAPIRIPIRIT,NAKAPIRIPIRIT,NAKAPIRIPIRIT,NAKAPIRIPIRIT,NAKAPIRIPIRIT,NAKAPIRIPIRIT,Karamoja,Nakapiripirit District,47,73,120,5823,4088,9911,10799,8246,19045,4774,4045,8819,14145,13535,27680,8,19,27,5423,3830,9253,8597,7123,15720,13187,12551,25738,4599,3910,8509,59247,7,20,27,5341,3790,9131,8403,7025,15428,12960,12319,25279,4553,3842,8395,325,624,949,35588,29987,65575,14192,13608,27800,88281.0,111681.0,2641.0,1.023790759,104074.8225,39.40735423,1.7013,34.5971,569.2731303961629,NAKAPIRIPIRIT,-0.1646959974058446,-0.5198231754887439,0.324,4,False,-0.19180298819297725,0.342,False,False
GULU,Gulu,"325,600",325600.0,GULU,GULU,GULU,GULU,GULU,GULU,Acholi,Gulu District,9,6,15,21288,10150,31438,19811,6445,26256,9564,7217,16781,11003,10114,21117,9,6,15,18755,8959,27714,17022,5824,22846,9880,9059,18939,8508,6474,14982,84496,9,5,14,20648,9888,30536,19061,6310,25371,10687,9764,20451,9304,6990,16294,1028,1737,2765,61675,33932,95607,11012,10120,21132,108428.0,135373.0,1721.0,1.022442893,126652.8222,73.59257535,2.955,32.4467,667.1466022807663,GULU,1.5984735987062286,2.840339782111833,0.028,1,True,1.373229793748537,0.035,True,False
BUKOMANSIMBI,Bukomansimbi,"156,600",156600.0,BUKOMANSIMBI,BUKOMANSIMBI,BUKOMANSIMBI,BUKOMANSIMBI,BUKOMANSIMBI,BUKOMANSIMBI,South Central,Bukomansimbi District,4,1,5,3616,3156,6772,5218,2924,8142,2400,2257,4657,2866,2824,5690,4,59,63,3606,3152,6758,5206,2921,8127,2871,2826,5697,2398,2250,4648,25293,4,1,5,3618,3145,6763,5216,2916,8132,2875,2821,5696,2426,2268,4694,79,325,404,14104,11162,25266,2870,2825,5695,151413.0,197568.0,600.0,1.026964294,182410.81,304.0180166,0.1433,31.6055,138.6595454512811,BUKOMANSIMBI,0.18470831118320286,0.6373994507947931,0.247,3,False,-0.2779645683322706,0.257,False,False
DOKOLO,Dokolo,"215,500",215500.0,DOKOLO,DOKOLO,DOKOLO,DOKOLO,DOKOLO,DOKOLO,Lango,Dokolo District,14,10,24,20098,8711,28809,24031,6910,30941,10773,8063,18836,14315,12315,26630,14,9,23,18837,8143,26980,22332,6194,28526,13490,11588,25078,10163,7599,17762,98369,14,8,22,18602,7961,26563,22127,6360,28487,13342,11397,24739,9939,7342,17281,1416,2282,3698,69231,36009,105240,14329,12325,26654,183093.0,215625.0,1004.0,1.016489126,205300.9225,204.4829906,1.9131,33.1717,479.1454358905767,DOKOLO,0.09657917606074595,0.5279376559617133,0.236,1,False,0.1906366416978416,0.22,False,False
KWEEN,Kween,"109,500",109500.0,KWEEN,KWEEN,KWEEN,KWEEN,KWEEN,KWEEN,Bugisu,Kween District,5,2,7,2220,2251,4471,4548,3411,7959,921,820,1741,811,715,1526,4,2,6,1909,2068,3977,3616,3011,6627,617,545,1162,792,747,1539,13311,4,2,6,1858,2027,3885,3503,2908,6411,595,524,1119,772,730,1502,22,83,105,8505,7199,15704,816,717,1533,93667.0,129277.0,851.0,1.032745867,117365.6123,137.9149381,1.4126,34.5528,113.41482176206395,KWEEN,0.297697645309452,1.058108313995712,0.105,3,False,-0.39490623486027304,0.097,False,False
SERERE,Serere,"359,500",359500.0,SERERE,SERERE,SERERE,SERERE,SERERE,SERERE,Teso,Serere District,8,6,14,21993,10075,32068,20569,6329,26898,11431,8844,20275,9277,8986,18263,7,6,13,21618,9996,31614,19662,6138,25800,9003,8636,17639,11345,8775,20120,95186,7,6,13,21184,9878,31062,19280,6056,25336,8879,8516,17395,11181,8634,19815,1056,1891,2947,63278,34240,97518,9285,8992,18277,285903.0,358123.0,1495.0,1.022777935,334725.0102,223.8963279,1.4994,33.549,284.37074344437497,SERERE,-0.02534052063155822,-0.4282894678869648,0.273,2,False,0.15114486644646621,0.254,False,False
AMURIA,Amuria,"225,000",225000.0,AMURIA,AMURIA,AMURIA,AMURIA,AMURIA,AMURIA,Teso,Amuria District,25,20,45,19750,8627,28377,19801,6933,26734,8714,6137,14851,7704,7397,15101,23,18,41,19463,8566,28029,19399,6857,26256,7575,7288,14863,8636,6107,14743,83932,23,18,41,19209,8450,27659,19117,6768,25885,7498,7200,14698,8536,6020,14556,728,1326,2054,55994,29114,85108,7729,7417,15146,183348.0,251653.0,1383.0,1.032173235,228846.53,165.471099,2.0302,33.6428,366.7610778280099,AMURIA,0.0396631288395351,0.7686224492565751,0.158,1,False,0.3235106680205681,0.158,False,False
ADJUMANI,Adjumani,"235,900",235900.0,ADJUMANI,ADJUMANI,ADJUMANI,ADJUMANI,ADJUMANI,ADJUMANI,West Nile,Adjumani District,24,15,39,63279,44827,108106,60259,26891,87150,37122,29949,67071,45284,42358,87642,12,13,25,61302,43442,104744,56951,25619,82570,43590,40939,84529,35920,29501,65421,337289,12,12,24,61216,43362,104578,56278,25400,81678,43501,40583,84084,35651,28580,64231,1226,3460,4686,205968,144040,350008,45308,42373,87681,107966.0,144084.0,2301.0,1.029278437,132134.7761,57.42493529,3.2549,31.7195,2552.6133994031875,ADJUMANI,13.200633344863206,4.760843860340536,0.001,1,True,2.368641053137628,0.001,True,False
KYEGEGWA,Kyegegwa,"441,000",441000.0,KYEGEGWA,KYEGEGWA,KYEGEGWA,KYEGEGWA,KYEGEGWA,KYEGEGWA,Tooro,Kyegegwa District,81,22,103,14159,10395,24554,24286,14256,38542,8638,7654,16292,10472,9456,19928,66,16,82,12885,9327,22212,21914,13057,34971,9343,8793,18136,7872,6955,14827,90228,66,16,82,13392,9972,23364,22650,13654,36304,9944,9045,18989,8255,7219,15474,750,2081,2831,57636,41783,99419,10553,9478,20031,281637.0,501120.0,1882.0,1.059315197,421566.5349,223.9992215,0.4818,31.055,214.03027168986037,KYEGEGWA,0.1731268193489793,1.0749351208527897,0.1,3,False,-0.42223437569441813,0.102,False,False
KYENJOJO,Kyenjojo,"525,400",525400.0,KYENJOJO,KYENJOJO,KYENJOJO,KYENJOJO,KYENJOJO,KYENJOJO,Tooro,Kyenjojo District,65,36,101,13877,9321,23198,19859,12487,32346,6223,5385,11608,8516,8008,16524,35,29,64,12936,8844,21780,17634,11359,28993,7909,7355,15264,5865,5070,10935,77036,31,28,59,12940,8876,21816,17596,11357,28953,7911,7347,15258,5901,5100,11001,415,856,1271,48540,35237,83777,8581,8044,16625,422204.0,543998.0,2352.0,1.025669629,504167.4637,214.3569148,0.6093,30.6401,152.79843612803924,KYENJOJO,0.27369622855657777,1.0215221539679018,0.113,3,False,-0.44093745195706147,0.115,False,False
KASESE,Kasese,"793,200",793200.0,KASESE,KASESE,KASESE,KASESE,KASESE,KASESE,Tooro,Kasese District,112,70,182,32850,27984,60834,50210,32629,82839,14747,12983,27730,15789,14368,30157,99,58,157,31062,26771,57833,46013,31676,77689,14561,13197,27758,13940,12242,26182,189619,99,58,157,30287,26017,56304,46285,30180,76465,14055,12798,26853,13433,11841,25274,665,1236,1901,113708,88034,201742,15901,14438,30339,694987.0,853831.0,2795.0,1.020797326,802700.156,287.191469,0.1699,0.0,236.22643970185052,KASESE,0.1269383023221247,0.9721485588322432,0.134,3,False,-0.381164166924055,0.131,False,False
SHEEMA,Sheema,"220,500",220500.0,SHEEMA,SHEEMA,SHEEMA,SHEEMA,SHEEMA,SHEEMA,Ankole,Sheema District,1,0,1,312,321,633,751,569,1320,109,102,211,114,118,232,1,0,1,306,315,621,693,525,1218,105,106,211,105,97,202,2253,1,0,1,304,315,619,692,524,1216,105,106,211,104,96,200,3,16,19,1287,1110,2397,115,118,233,207343.0,252275.0,327.0,1.019808162,237858.5482,727.3961719,0.5515,30.3897,9.472016108101345,SHEEMA,1.0641613236104366,2.415048899432075,0.001,3,True,-0.9534397642410748,0.001,False,True
RUBIRIZI,Rubirizi,"144,100",144100.0,RUBIRIZI,RUBIRIZI,RUBIRIZI,RUBIRIZI,RUBIRIZI,RUBIRIZI,Ankole,Rubirizi District,4,5,9,3686,3037,6723,4826,3007,7833,1760,1521,3281,1579,1402,2981,4,4,8,3636,3009,6645,4665,2942,7607,1565,1389,2954,1748,1518,3266,20480,4,4,8,3586,2961,6547,4572,2896,7468,1540,1347,2887,1726,1493,3219,54,163,217,11855,8972,20827,1583,1407,2990,129149.0,168211.0,1096.0,1.026777479,155390.831,141.7799553,0.2642,30.1084,131.79670813395674,RUBIRIZI,0.39904398172922095,1.4592666306635214,0.034,3,True,-0.5746892569541455,0.027,False,True
BUTALEJA,Butaleja,"300,500",300500.0,BUTALEJA,BUTALEJA,BUTALEJA,BUTALEJA,BUTALEJA,BUTALEJA,Bukedi,Butaleja District,11,8,19,15273,8170,23443,23395,8194,31589,13478,10801,24279,18624,16937,35561,7,5,12,14360,7719,22079,20967,7443,28410,17197,15568,32765,12688,10430,23118,106384,8,6,14,14080,7690,21770,20223,8995,29218,16987,15517,32504,12793,10428,23221,578,1206,1784,70781,44110,114891,18635,16945,35580,244153.0,312771.0,655.0,1.025076887,290373.6171,443.3184994,0.0,0.0,366.369372887493,BUTALEJA,-0.007463885504729154,-0.15842889835627635,0.479,4,False,-0.060493459280805344,0.489,False,False
KIBAALE,Kibaale,"198,200",198200.0,KIBAALE,KIBAALE,KIBAALE,KIBAALE,KIBAALE,KIBAALE,Bunyoro,Kibaale District,25,19,44,4076,2685,6761,6224,3755,9979,1949,1596,3545,3287,3017,6304,14,8,22,3807,2450,6257,5692,3316,9008,3094,2853,5947,1788,1445,3233,24467,15,9,24,3777,2419,6196,5665,3328,8993,3047,2750,5797,1785,1428,3213,433,1168,1601,15561,11072,26633,3312,3036,6348,140947.0,237649.0,1153.0,1.053629727,203175.7842,176.2149039,0.8088,31.0335,120.42281562410724,KIBAALE,0.4389663887443689,1.375496039172028,0.033,3,True,-0.598370602986213,0.04,False,True
KIKUUBE,Kikuube,"358,700",358700.0,HOIMA,HOIMA,HOIMA,KIKUUBE,KIKUUBE,KIKUUBE,Bunyoro,Kikuube District,62,58,120,22353,12354,34707,29327,14253,43580,16077,9477,25554,22792,19192,41984,55,57,112,20465,11641,32106,27617,12844,40461,18931,17965,36896,10763,8887,19650,129225,67,58,125,21376,45502,66878,27586,13362,40948,19632,18604,38236,11310,9400,20710,1247,3321,4568,90611,55334,145945,22854,19250,42104,267455.0,379547.0,2098.0,1.035622516,341712.6926,162.8754493,1.2375,30.9876,378.16856908873274,KIKUUBE,-0.1177320891871641,-1.6559904537548495,0.012,4,True,-0.7211147411844416,0.008,False,True
LWENGO,Lwengo,"290,500",290500.0,LWENGO,LWENGO,LWENGO,LWENGO,LWENGO,LWENGO,South Central,Lwengo District,56,45,101,7796,6201,13997,11414,5963,17377,3749,3431,7180,4449,4176,8625,29,25,54,6784,5581,12365,8000,4418,12418,3412,3167,6579,3470,3147,6617,38033,29,19,48,6546,5479,12025,7822,4423,12245,3313,3112,6425,3351,3077,6428,174,580,754,27464,19816,47280,4505,4221,8726,262604.0,325263.0,988.0,1.021629283,305038.5061,308.7434273,0.4165,31.3999,124.68261953634057,LWENGO,0.41868470910405353,1.3363534890323663,0.037,3,True,-0.5824528271510108,0.043,False,True
AGAGO,Agago,"251,200",251200.0,AGAGO,AGAGO,AGAGO,AGAGO,AGAGO,AGAGO,Acholi,Agago District,25,21,46,40202,20974,61176,38604,11565,50169,16133,12026,28159,18736,17591,36327,19,19,38,39030,20462,59492,36406,11134,47540,18095,17080,35175,15710,11723,27433,169678,18,19,37,38999,20410,59409,36706,11126,47832,18492,17124,35616,15620,11751,27371,1154,2459,3613,113700,62177,175877,18761,17612,36373,227792.0,307235.0,3493.0,1.03037004,280860.7314,80.40673672,2.9251,0.0,604.1357193446376,AGAGO,0.7951966275028534,1.9412056005004692,0.042,1,True,0.8414241345380966,0.053,False,False
APAC,Apac,"226,600",226600.0,APAC,APAC,APAC,APAC,APAC,APAC,Lango,Apac District,17,9,26,13082,6459,19541,17579,8662,26241,4359,3405,7764,5179,4642,9821,13,6,19,12835,6355,19190,16973,8257,25230,5038,4509,9547,4299,3363,7662,61648,13,6,19,12828,6348,19176,16933,8243,25176,5015,4489,9504,4293,3355,7648,706,1518,2224,40216,23177,63393,5196,4651,9847,185322.0,221962.0,1783.0,1.018204859,210267.9759,117.9293191,1.8445,32.4014,293.1877749625496,APAC,0.01476675473486508,0.26930997276210195,0.428,3,False,-0.11010112871716932,0.449,False,False
PALLISA,Pallisa,"353,400",353400.0,PALLISA,PALLISA,PALLISA,PALLISA,PALLISA,PALLISA,Bukedi,Pallisa District,16,28,44,15672,8221,23893,23623,8194,31817,11992,9487,21479,15841,13689,29530,16,28,44,15605,8169,23774,23559,8061,31620,15814,13640,29454,11960,9471,21431,106323,16,28,44,15290,8002,23292,22636,7880,30516,15320,13357,28677,11616,9204,20820,1061,2089,3150,67144,39619,106763,15857,13717,29574,275128.0,334697.0,796.0,1.01979224,315585.2605,396.463895,1.2009,33.7071,336.90736960131255,PALLISA,0.003384325184226572,0.531053452350677,0.22,1,False,0.1867180356944881,0.23,False,False
LIRA,Lira,"478,500",478500.0,LIRA,LIRA,LIRA,LIRA,LIRA,LIRA,Lango,Lira District,15,28,43,10541,5012,15553,16343,5506,21849,5711,4437,10148,8376,7319,15695,11,26,37,10236,4880,15116,15173,5265,20438,8108,7039,15147,5554,4304,9858,60596,11,26,37,9934,4819,14753,15030,5230,20260,7973,6847,14820,5496,4239,9735,538,1050,1588,40986,22302,63288,8391,7347,15738,200561.0,242216.0,1046.0,1.01905033,228884.2586,218.8186029,2.2316,32.9438,264.7451614656387,LIRA,-0.09716066817420402,-1.214357194255828,0.094,2,False,0.411397685455607,0.119,False,False
KOTIDO,Kotido,"206,500",206500.0,KOTIDO,KOTIDO,KOTIDO,KOTIDO,KOTIDO,KOTIDO,Karamoja,Kotido District,25,31,56,7818,4804,12622,16944,8729,25673,6466,4903,11369,19011,17562,36573,24,30,54,7317,4452,11769,15600,7942,23542,18386,16996,35382,6114,4591,10705,81452,25,31,56,7347,4498,11845,15476,8134,23610,18451,17003,35454,6181,4619,10800,296,1041,1337,50264,36029,86293,19036,17593,36629,181050.0,219734.0,3610.0,1.019553156,207332.6229,57.43285953,3.0352,0.0,392.8566516002919,KOTIDO,0.1038202473306784,1.3476652425905273,0.075,1,False,0.48550885286171935,0.094,False,False
KALUNGU,Kalungu,"194,100",194100.0,KALUNGU,KALUNGU,KALUNGU,KALUNGU,KALUNGU,KALUNGU,South Central,Kalungu District,8,9,17,4178,3372,7550,5420,3180,8600,2069,1926,3995,2090,2178,4268,16,7,23,4016,3254,7270,5050,2972,8022,1904,1989,3893,2011,1860,3871,23079,16,7,23,3956,3214,7170,4827,2889,7716,1909,1976,3885,1944,1831,3775,138,395,533,13765,10665,24430,2098,2187,4285,174368.0,221569.0,790.0,1.024245869,206203.6432,261.0172699,0.0953,31.7651,111.923337734704,KALUNGU,0.09302998167982325,0.2828112794450542,0.432,3,False,-0.1265372363945713,0.458,False,False
NAPAK,Napak,"158,300",158300.0,NAPAK,NAPAK,NAPAK,NAPAK,NAPAK,NAPAK,Karamoja,Napak District,35,37,72,7550,3603,11153,13581,3849,17430,6745,4752,11497,23125,19060,42185,30,32,62,7074,3407,10481,12132,3413,15545,21747,18218,39965,6490,4505,10995,77048,35,35,70,7199,3449,10648,12528,3547,16075,21730,18234,39964,6477,4567,11044,646,994,1640,51036,31301,82337,23160,19097,42257,142224.0,211830.0,4822.0,1.040642258,187967.6418,38.98126127,2.4265,34.331,409.90033849538884,NAPAK,0.14275194291616003,1.335787823385807,0.068,1,False,0.5223783100876381,0.084,False,False
NAMUTUMBA,Namutumba,"306,500",306500.0,NAMUTUMBA,NAMUTUMBA,NAMUTUMBA,NAMUTUMBA,NAMUTUMBA,NAMUTUMBA,Busoga,Namutumba District,29,27,56,12745,7807,20552,23525,10523,34048,13122,10517,23639,18841,16925,35766,29,27,56,12647,7735,20382,23282,10345,33627,18600,16712,35312,13029,10337,23366,112743,25,27,52,12534,7611,20145,22814,10271,33085,18462,16566,35028,12832,10210,23042,893,2115,3008,68262,45799,114061,18870,16952,35822,252557.0,311339.0,812.0,1.021144992,292395.9086,360.0934835,0.8493,33.6623,385.5833706422799,NAMUTUMBA,0.05225187125264683,0.7122133276427128,0.166,1,False,0.27784270028805236,0.17,False,False
BUGIRI,Bugiri,"480,400",480400.0,BUGIRI,BUGIRI,BUGIRI,BUGIRI,BUGIRI,BUGIRI,Busoga,Bugiri District,62,33,95,14633,7724,22357,24941,9901,34842,13380,10611,23991,18442,16720,35162,61,32,93,14590,7697,22287,24789,9830,34619,18402,16677,35079,13344,10582,23926,116004,61,32,93,14478,7644,22122,24823,9692,34515,18143,16414,34557,13238,10500,23738,1128,2339,3467,71458,44989,116447,18504,16753,35257,382913.0,480345.0,1033.0,1.022928589,448763.2922,434.4271947,0.5316,0.0,258.49707856296897,BUGIRI,-0.03621838906905979,-0.4020480748819351,0.264,2,False,0.13896843019290508,0.266,False,False
OTUKE,Otuke,"133,500",133500.0,OTUKE,OTUKE,OTUKE,OTUKE,OTUKE,OTUKE,Lango,Otuke District,5,4,9,11539,5267,16806,14874,4189,19063,7039,5291,12330,8881,8049,16930,5,4,9,11527,5265,16792,14823,4179,19002,8870,8039,16909,7035,5286,12321,65033,5,4,9,11436,5212,16648,14742,4150,18892,8814,7994,16808,6991,5255,12246,497,898,1395,42338,22800,65138,8886,8053,16939,104254.0,161069.0,1549.0,1.044460267,141363.1427,91.26090558,2.5214,33.3486,460.0421210075432,OTUKE,0.28495960984368307,1.6253605000491818,0.059,1,False,0.6364062058148819,0.067,False,False
NEBBI,Nebbi,"282,600",282600.0,NEBBI,NEBBI,NEBBI,NEBBI,NEBBI,NEBBI,West Nile,Nebbi District,20,8,28,22101,12127,34228,31467,11625,43092,11444,9108,20552,18628,18146,36774,20,8,28,22060,12092,34152,31505,11587,43092,18546,18060,36606,11425,9070,20495,134373,20,8,28,21751,12082,33833,31441,11460,42901,18441,17847,36288,11272,8977,20249,1608,2865,4473,83660,51014,134674,18648,18154,36802,238757.0,299398.0,987.0,1.022890813,279744.1803,283.4287541,2.4104,31.2168,480.34243234621454,NEBBI,0.36235656208390893,1.173020725693961,0.071,1,False,0.6990886747252117,0.07,False,False
KAMPALA,Kampala,"1,680,600",1680600.0,KAMPALA,KAMPALA,KAMPALA,KAMPALA,KAMPALA,KAMPALA,Kampala,Kampala District,707,659,1366,23499,19083,42582,62017,52319,114336,16314,15567,31881,20008,19255,39263,263,228,491,15280,12683,27963,37183,32677,69860,12461,12077,24538,10551,9820,20371,143223,297,249,546,14883,12338,27221,36888,32950,69838,12352,11765,24117,11227,9614,20841,1046,3498,4544,122545,106883,229428,20715,19914,40629,1507080.0,1797722.0,195.0,1.017791039,1705087.479,8744.038353,0.3152,32.5816,83.99744984579762,KAMPALA,0.7019303321182877,1.198631049973387,0.056,3,False,-0.8157206355005484,0.048,False,True
PADER,Pader,"197,300",197300.0,PADER,PADER,PADER,PADER,PADER,PADER,Acholi,Pader District,68,42,110,43058,21629,64687,36633,11849,48482,20207,14763,34970,21495,20103,41598,52,36,88,41930,21130,63060,34369,11371,45740,20921,19479,40400,19178,14430,33608,182896,52,37,89,41825,21068,62893,34317,11274,45591,20918,19461,40379,19131,14451,33582,982,2064,3046,121461,68386,189847,21563,20145,41708,178004.0,240159.0,3326.0,1.030402516,219522.0426,66.00181678,2.9431,32.8084,833.1555129215986,PADER,1.5260129094438484,2.455316387941064,0.041,1,True,0.8902139883010367,0.049,True,False
ABIM,Abim,"153,500",153500.0,ABIM,ABIM,ABIM,ABIM,ABIM,ABIM,Karamoja,Abim District,2,5,7,13939,6695,20634,15856,7109,22965,7006,5270,12276,15415,13468,28883,2,5,7,13652,6564,20216,15352,6805,22157,14961,13081,28042,6903,5160,12063,82485,2,4,6,13325,6427,19752,14997,6756,21753,14589,12773,27362,6710,5033,11743,674,1323,1997,52218,32547,84765,15417,13473,28890,107966.0,144084.0,2301.0,1.029278437,132134.7761,57.42493529,2.7067,33.6595,624.2489860320732,ABIM,0.3958242561318354,0.907027087314952,0.134,1,False,0.3945812132262546,0.134,False,False
BUDUDA,Bududa,"271,100",271100.0,BUDUDA,BUDUDA,BUDUDA,BUDUDA,BUDUDA,BUDUDA,Bugisu,Bududa District,0,1,1,3119,2037,5156,4818,2994,7812,1123,1069,2192,1410,1377,2787,0,1,1,3072,2025,5097,4797,2959,7756,1380,1343,2723,1109,1055,2164,17741,0,1,1,2999,1975,4974,4602,2848,7450,1334,1307,2641,1081,1031,2112,294,414,708,10470,7478,17948,1410,1378,2788,210173.0,26897.0,318.0,0.814165494,49838.5923,156.725133,1.003,34.3338,355.9691231487692,BUDUDA,-0.03524505863648221,-0.9608291879299414,0.13,4,False,-0.41371407109639635,0.134,False,False
MANAFWA,Manafwa,"175,200",175200.0,MANAFWA,MANAFWA,MANAFWA,MANAFWA,MANAFWA,MANAFWA,Bugisu,Manafwa District,2,5,7,7828,4888,12716,11103,6863,17966,4271,3555,7826,8716,7557,16273,2,5,7,7150,4550,11700,9770,6255,16025,8286,7120,15406,4074,3337,7411,50549,1,5,6,7145,4550,11695,9763,6220,15983,8295,7030,15325,4056,3324,7380,677,1354,2031,31920,22868,54788,8718,7562,16280,149544.0,186917.0,237.0,1.022558071,174817.4815,737.6265042,0.0,0.0,289.15300441506474,MANAFWA,0.05432307087162651,0.7510575638202049,0.204,3,False,-0.36443485825529387,0.21,False,False
SIRONKO,Sironko,"274,300",274300.0,SIRONKO,SIRONKO,SIRONKO,SIRONKO,SIRONKO,SIRONKO,Bugisu,Sironko District,40,21,61,8147,4661,12808,18005,11796,29801,3831,2868,6699,5033,4116,9149,39,21,60,7774,4417,12191,16765,8982,25747,4607,3826,8433,3639,2702,6341,52772,40,21,61,7684,4395,12079,16643,8925,25568,4600,3773,8373,3605,2686,6291,459,1152,1611,35056,23462,58518,5073,4137,9210,242421.0,298363.0,383.0,1.020980559,280344.8273,731.9708284,1.2302,34.2491,188.2396065882397,SIRONKO,0.19231670444134474,0.8948978651020484,0.146,3,False,-0.385802028771752,0.161,False,False
KATAKWI,Katakwi,"194,600",194600.0,KATAKWI,KATAKWI,KATAKWI,KATAKWI,KATAKWI,KATAKWI,Teso,Katakwi District,7,4,11,26263,13275,39538,28535,12909,41444,13571,10264,23835,15045,13699,28744,7,4,11,26151,13261,39412,28499,12793,41292,15038,13693,28731,13558,10246,23804,133250,7,4,11,25727,13062,38789,27761,12598,40359,14454,13151,27605,13241,10396,23637,2186,4990,7176,83421,50151,133572,15052,13703,28755,166231.0,234332.0,2306.0,1.03493234,211395.4934,91.67193991,1.9142,33.9583,630.3351024984528,KATAKWI,0.22584246379900297,0.616200556649933,0.202,1,False,0.22410938358130017,0.198,False,False
KUMI,Kumi,"284,800",284800.0,KUMI,KUMI,KUMI,KUMI,KUMI,KUMI,Teso,Kumi District,6,20,26,21188,11214,32402,30958,15121,46079,10682,8527,19209,12691,11590,24281,6,11,17,21084,11113,32197,30402,14938,45340,12509,11491,24000,10608,8406,19014,120568,5,11,16,20957,11081,32038,30293,14851,45144,12493,11475,23968,10565,8405,18970,1117,2007,3124,75525,46472,121997,12697,11610,24307,239268.0,286992.0,1005.0,1.018353399,271752.9326,270.4009279,1.4877,33.9304,443.6677052441126,KUMI,0.13969935646627185,0.9078674510620618,0.133,1,False,0.35860851423026346,0.136,False,False
BULIISA,Buliisa,"149,300",149300.0,BULIISA,BULIISA,BULIISA,BULIISA,BULIISA,BULIISA,Bunyoro,Buliisa District,2,2,4,10155,5435,15590,11557,4807,16364,6937,5645,12582,10871,10341,21212,2,2,4,9343,5034,14377,10066,4236,14302,9937,9463,19400,6354,5187,11541,59624,1,2,3,9598,4994,14592,9930,4373,14303,9858,9252,19110,6376,5160,11536,873,1949,2822,39522,26230,65752,10873,10343,21216,113161.0,167894.0,1367.0,1.040240696,149153.5712,109.1101472,1.8992,31.3542,399.7490607854785,BULIISA,-0.044407075745333216,-0.38187339395656467,0.373,4,False,-0.18424787759947625,0.399,False,False
KAMWENGE,Kamwenge,"335,200",335200.0,KAMWENGE,KAMWENGE,KAMWENGE,KAMWENGE,KAMWENGE,KAMWENGE,Tooro,Kamwenge District,99,146,245,24444,15246,39690,32876,16030,48906,12581,9555,22136,16332,14914,31246,99,75,174,23487,14848,38335,31037,15421,46458,15914,14414,30328,12279,9292,21571,136866,95,80,175,22636,14382,37018,30157,15094,45251,15064,13762,28826,11809,8865,20674,713,2349,3062,86332,55891,142223,16431,15060,31491,270668.0,337167.0,1695.0,1.022211623,315662.2279,186.2314029,0.2903,30.574,433.58371038095305,KAMWENGE,-0.14160578691609685,-1.0781138485847495,0.101,4,False,-0.3935607762423308,0.109,False,False
LYANTONDE,Lyantonde,"110,500",110500.0,LYANTONDE,LYANTONDE,LYANTONDE,LYANTONDE,LYANTONDE,LYANTONDE,South Central,Lyantonde District,3,2,5,2994,2342,5336,5376,2935,8311,1401,1239,2640,1044,1044,2088,2,1,3,2986,2336,5322,4241,2926,7167,1036,1039,2075,1398,1233,2631,17198,1,0,1,2913,2300,5213,4139,2871,7010,1024,1034,2058,1383,1225,2608,72,218,290,10818,7562,18380,1047,1046,2093,93753.0,133017.0,887.0,1.035600371,119765.1758,135.0227461,0.2241,31.2168,143.59766839669265,LYANTONDE,0.3586990926914846,1.1140540468246134,0.07,3,False,-0.548797349236951,0.081,False,False
SSEMBABULE,Ssembabule,"296,100",296100.0,SSEMBABULE,SSEMBABULE,SSEMBABULE,SSEMBABULE,SSEMBABULE,SEMBABULE,South Central,Sembabule District,21,3,24,7986,6193,14179,12023,7905,19928,4128,3413,7541,4327,3752,8079,1,3,4,7768,6045,13813,11440,7565,19005,4220,3655,7875,4010,3341,7351,48048,1,3,4,7882,6107,13989,11509,7590,19099,4270,3654,7924,4043,3377,7420,244,704,948,28485,21266,49751,4348,3755,8103,252597.0,305971.0,2317.0,1.019354414,288871.4641,124.6747795,0.0638,31.3542,166.3300324581974,SEMBABULE,0.18769691768532293,0.9700055424553014,0.133,3,False,-0.32790574533626543,0.144,False,False
BUTAMBALA,Butambala,"107,800",107800.0,BUTAMBALA,BUTAMBALA,BUTAMBALA,BUTAMBALA,BUTAMBALA,BUTAMBALA,South Central,Butambala District,0,4,4,5122,4810,9932,5936,3672,9608,2420,2441,4861,2391,2220,4611,0,2,2,4634,4491,9125,5220,3323,8543,2121,1963,4084,2208,2262,4470,26224,0,2,2,4526,4399,8925,5147,3282,8429,2091,1933,4024,2157,2216,4373,101,367,468,15869,13147,29016,2391,2224,4615,10084.0,146516.0,405.0,1.306848434,65646.16932,162.089307,0.1742,32.1065,399.47494684980046,BUTAMBALA,-0.029957196647480443,-0.25558651244460245,0.451,4,False,-0.12423348229547125,0.453,False,False
KIRUHURA,Kiruhura,"185,700",185700.0,KIRUHURA,KIRUHURA,KIRUHURA,KIRUHURA,KIRUHURA,KIRUHURA,Ankole,Kiruhura District,0,0,0,4365,4222,8587,6052,4458,10510,2083,2089,4172,1694,1782,3476,0,0,0,4365,4222,8587,6052,4452,10504,1692,1776,3468,2083,2089,4172,26731,2,2,4,4361,4218,8579,6002,4422,10424,1681,1759,3440,2072,2079,4151,50,259,309,14194,12551,26745,1694,1782,3476,151023.0,203502.0,3003.0,1.03027357,186084.8451,61.96631537,0.322,30.8039,143.64952710488083,KIRUHURA,0.2766155562896094,1.1571191950819555,0.08,3,False,-0.42444781385578534,0.091,False,False
BUHWEJU,Buhweju,"144,100",144100.0,BUHWEJU,BUHWEJU,BUHWEJU,BUHWEJU,BUHWEJU,BUHWEJU,Ankole,Buhweju District,0,0,0,430,415,845,644,547,1191,299,169,468,202,161,363,0,0,0,428,412,840,642,543,1185,202,161,363,297,169,466,2854,0,0,0,421,406,827,630,532,1162,201,161,362,296,169,465,4,16,20,1575,1292,2867,202,161,363,12072.0,167921.0,751.0,1.301165617,76226.72766,101.5003031,0.3558,30.3897,37.44093558272524,BUHWEJU,0.7407990063148353,1.6626952740850114,0.009,3,True,-0.727487639288071,0.008,False,True
KAKUMIRO,Kakumiro,"473,400",473400.0,KIBAALE,KAKUMIRO,KAKUMIRO,KAKUMIRO,KAKUMIRO,KAKUMIRO,Bunyoro,Kakumiro District,6,6,12,9677,6061,15738,14353,6834,21187,5004,4025,9029,7309,6217,13526,5,4,9,9322,5839,15161,13726,6475,20201,7013,5986,12999,4840,3900,8740,57110,5,3,8,9219,5760,14979,13586,6460,20046,6930,5929,12859,4744,3815,8559,738,1881,2619,36349,23143,59492,7315,6223,13538,293108.0,428176.0,1701.0,1.038626657,382158.8542,224.6671688,1.0028,31.3084,149.44047317587965,KAKUMIRO,0.3217768627498318,1.1577173953295887,0.064,3,False,-0.5082468481819045,0.076,False,False
KABALE,Kabale,"248,700",248700.0,KABALE,KABALE,KABALE,KABALE,KABALE,KABALE,Kigezi,Kabale District,1,0,1,330,341,671,1220,1683,2903,120,75,195,184,169,353,1,0,1,297,320,617,1165,1620,2785,155,140,295,111,65,176,3874,1,0,1,290,306,596,1088,1532,2620,150,146,296,109,64,173,1,37,38,1855,2268,4123,185,169,354,230609.0,285588.0,561.0,1.021612905,267843.3353,477.4391003,1.3505,30.0203,14.463678910139379,KABALE,1.190855662072731,1.5751027723305475,0.003,3,True,-1.0822964090148017,0.001,False,True
AMUDAT,Amudat,"134,900",134900.0,AMUDAT,AMUDAT,AMUDAT,AMUDAT,AMUDAT,AMUDAT,Karamoja,Amudat District,11,3,14,2942,2409,5351,5239,2181,7420,2678,2342,5020,4487,4121,8608,10,1,11,2753,2321,5074,4664,2024,6688,4294,3925,8219,2608,2296,4904,24896,10,1,11,2722,2311,5033,4632,2022,6654,4181,3853,8034,2586,2266,4852,163,368,531,15357,11056,26413,4498,4124,8622,105769.0,203358.0,1616.0,1.067555067,167143.8505,103.4306006,1.7916,34.9066,148.94954211911016,AMUDAT,0.027806851742958275,0.09781242223472539,0.464,3,False,-0.04815538862315056,0.453,False,False
MAYUGE,Mayuge,"565,100",565100.0,MAYUGE,MAYUGE,MAYUGE,MAYUGE,MAYUGE,MAYUGE,Busoga,Mayuge District,23,8,31,22512,11128,33640,45476,19484,64960,13037,9642,22679,19383,17071,36454,22,8,30,22435,11100,33535,45278,19356,64634,19315,17024,36339,13011,9615,22626,157164,22,8,30,22352,11046,33398,44976,19281,64257,19220,16950,36170,12919,9547,22466,1974,4450,6424,100431,57333,157764,19406,17079,36485,473239.0,577563.0,1075.0,1.020121459,544056.1362,506.0987313,0.3125,33.528,288.8746023484332,MAYUGE,-0.05646829956720422,-1.1063634657233434,0.114,2,False,0.37410761942524245,0.126,False,False
NWOYA,Nwoya,"236,000",236000.0,NWOYA,NWOYA,NWOYA,NWOYA,NWOYA,NWOYA,Acholi,Nwoya District,25,26,51,12761,6471,19232,16007,6477,22484,6851,5249,12100,9834,9463,19297,18,24,42,12607,6415,19022,15584,6353,21937,9696,9294,18990,6788,5221,12009,72000,18,24,42,12354,6303,18657,15323,6203,21526,9489,9102,18591,6580,5086,11666,818,1527,2345,45478,27686,73164,9859,9489,19348,133506.0,220593.0,4679.0,1.051499558,189742.4238,40.5519179,2.6351,32.0028,379.461791190632,NWOYA,0.025925840119008406,0.44108525884741145,0.248,1,False,0.15599444893284267,0.249,False,False
OYAM,Oyam,"453,700",453700.0,OYAM,OYAM,OYAM,OYAM,OYAM,OYAM,Lango,Oyam District,99,157,256,28417,12863,41280,36733,15250,51983,11760,8638,20398,15483,13961,29444,99,76,175,28546,12809,41355,36402,15060,51462,15454,13932,29386,11797,8620,20417,142795,98,76,174,27964,12607,40571,35768,14856,50624,15234,13775,29009,11549,8475,20024,2786,4740,7526,92492,50869,143361,15582,14118,29700,383644.0,477464.0,2196.0,1.022118437,447133.2492,203.6125907,2.2776,32.4467,319.35670240467545,OYAM,0.0006034071247585021,0.028695752209325805,0.447,3,False,-0.014199260760781401,0.431,False,False
KOBOKO,Koboko,"258,000",258000.0,KOBOKO,KOBOKO,KOBOKO,KOBOKO,KOBOKO,KOBOKO,West Nile,Koboko District,186,74,260,22003,11099,33102,28895,9770,38665,13137,9513,22650,18046,15741,33787,49,47,96,19629,9821,29450,24202,8160,32362,15850,13462,29312,11600,8315,19915,111135,29,29,58,20446,10181,30627,26313,8891,35204,16775,14475,31250,12067,8762,20829,987,2294,3281,82267,46197,128464,18232,15815,34047,206495.0,271781.0,739.0,1.027852876,250280.0463,338.6739463,3.5237,31.0335,444.0425900624424,KOBOKO,0.340184909455745,1.2788413344939786,0.068,1,False,0.8661970399674974,0.069,False,False
KIBUKU,Kibuku,"250,600",250600.0,KIBUKU,KIBUKU,KIBUKU,KIBUKU,KIBUKU,KIBUKU,Bukedi,Kibuku District,11,8,19,17881,8034,25915,25790,6332,32122,15276,11754,27030,20530,17616,38146,6,7,13,17692,7901,25593,25612,6203,31815,20353,17538,37891,15144,11629,26773,122085,6,7,13,17663,7913,25576,25580,6207,31787,20353,17571,37924,15122,11608,26730,804,1693,2497,79488,43744,123232,20541,17624,38165,202033.0,249441.0,484.0,1.021302871,234155.4018,483.7921524,1.0453,33.7993,521.384512428532,KIBUKU,0.1066892318280522,0.43184521364754863,0.258,1,False,0.16543832968767605,0.249,False,False
KWANIA,Kwania,"216,600",216600.0,APAC,APAC,APAC,KWANIA,KWANIA,KWANIA,Lango,Kwania District,30,24,54,11987,5175,17162,14948,6577,21525,5160,3673,8833,6868,5846,12714,28,22,50,11563,5013,16576,14168,6357,20525,6564,5595,12159,5027,3597,8624,57934,28,22,50,11561,5011,16572,13924,6354,20278,6562,5594,12156,5026,3597,8623,599,1126,1725,38993,21295,60288,6898,5870,12768,183304.0,216125.0,1223.0,1.016607493,205705.1132,168.197149,1.9033,32.7633,281.63616887672,KWANIA,-0.009174208447056478,-0.12977532300997,0.384,2,False,0.0508527089096525,0.351,False,False
NABILATUK,Nabilatuk,"89,700",89700.0,NAKAPIRIPIRIT,NAKAPIRIPIRIT,NAKAPIRIPIRIT,NABILATUK,NABILATUK,NABILATUK,Karamoja,Nabilatuk District,26,9,35,3504,1752,5256,6581,1884,8465,3497,2611,6108,13741,11422,25163,26,9,35,3468,1737,5205,6417,1826,8243,13703,11390,25093,3494,2597,6091,44667,24,8,32,3367,1681,5048,6241,1777,8018,13428,11139,24567,3422,2549,5971,218,658,876,27349,17678,45027,13767,11431,25198,68409.0,136785.0,1561.0,1.071747609,111111.9847,71.18000298,2.091,34.5971,401.999839356663,NABILATUK,0.16713060106937153,1.3681459785769656,0.067,1,False,0.6795034398425799,0.063,False,False
BUGWERI,Bugweri,"191,600",191600.0,IGANGA,IGANGA,IGANGA,BUGWERI,BUGWERI,BUGWERI,Busoga,Bugweri District,11,8,19,11559,6409,17968,19515,8065,27580,7901,6431,14332,11031,10163,21194,11,8,19,11504,6367,17871,19352,7989,27341,10990,10117,21107,7931,6386,14317,80655,11,8,19,11414,6331,17745,19064,7926,26990,10860,9993,20853,7800,6329,14129,844,1490,2334,50017,31076,81093,11042,10171,21213,164886.0,211511.0,302.0,1.025214919,196285.4942,649.9519675,0.6116,33.5952,410.906574266862,BUGWERI,0.02690587793005036,0.1960574686423362,0.341,1,False,0.0988882100457799,0.326,False,False
MADI OKOLLO,Madi Okollo,"164,200",164200.0,ARUA,ARUA,ARUA,ARUA,MADI OKOLLO,MADI-OKOLLO,West Nile,Madi-Okollo District,7,6,13,23269,14584,37853,24377,8173,32550,13141,9941,23082,14773,14247,29020,7,6,13,22805,14503,37308,23787,7558,31345,14533,14034,28567,12948,9880,22828,120061,7,6,13,23147,14534,37681,24349,7627,31976,14661,14051,28712,13044,9879,22923,1016,1750,2766,75567,46951,122518,14780,14253,29033,140188.0,178051.0,2048.0,1.024196666,165727.4103,80.92158706,2.8218,31.2168,724.4486580865857,MADI-OKOLLO,2.468294376537155,4.999537217299352,0.001,1,True,1.8132933276654257,0.001,True,False
KARENGA,Karenga,"68,500",68500.0,KAABONG,KAABONG,KAABONG,KAABONG,KARENGA,KARENGA,Karamoja,Karenga District,5,1,6,4931,2811,7742,7468,3102,10570,2326,1728,4054,5220,5244,10464,5,1,6,4890,2759,7649,7740,3031,10771,5082,5064,10146,2283,1893,4176,32748,5,1,6,4882,2756,7638,7691,3020,10711,5091,5077,10168,2291,1798,4089,252,692,944,19950,12886,32836,5225,5245,10470,51233.0,100375.0,25702.0,1.069565971,82035.68843,3.191801744,3.5691,33.6931,399.1921153674897,KARENGA,0.04369239209937281,0.29555243625274447,0.295,1,False,0.18628842013446226,0.275,False,False
NAMISINDWA,Namisindwa,"231,500",231500.0,MANAFWA,MANAFWA,NAMISINDWA,NAMISINDWA,NAMISINDWA,NAMISINDWA,Bugisu,Namisindwa District,4,1,5,5524,3311,8835,10890,5971,16861,2710,2241,4951,5389,4578,9967,3,0,3,5363,3211,8574,10251,5775,16026,5252,4485,9737,2662,2187,4849,39189,3,0,3,5250,3153,8403,10070,5757,15827,5150,4424,9574,2568,2128,4696,449,1032,1481,24517,16102,40619,5393,4579,9972,204281.0,257346.0,298.0,1.023361195,240121.2459,805.7759931,0.9054,34.3754,163.20505023666462,NAMISINDWA,0.18757233822272323,0.5602738203551826,0.29,3,False,-0.32179167644541,0.269,False,False
BULAMBULI,Bulambuli,"230,600",230600.0,BULAMBULI,BULAMBULI,BULAMBULI,BULAMBULI,BULAMBULI,BULAMBULI,Bugisu,Bulambuli District,4,7,11,4273,2425,6698,8610,4657,13267,2269,1530,3799,2709,2603,5312,4,7,11,4042,2289,6331,8184,4411,12595,2505,2398,4903,2103,1437,3540,27380,4,7,11,4030,2305,6335,8165,4368,12533,2563,2467,5030,2151,1465,3616,394,712,1106,17865,11222,29087,2713,2610,5323,174513.0,235391.0,695.0,1.030377121,215179.668,309.6110331,1.4815,34.2866,127.24250508649357,BULAMBULI,0.2678590580539197,0.8675252726354958,0.165,3,False,-0.3791118013276436,0.159,False,False
NGORA,Ngora,"165,800",165800.0,NGORA,NGORA,NGORA,NGORA,NGORA,NGORA,Teso,Ngora District,63,47,110,15349,7800,23149,20640,8775,29415,6715,4819,11534,7319,6419,13738,63,47,110,15311,7673,22984,20518,8643,29161,7308,6395,13703,6694,4802,11496,77454,63,65,128,15291,7485,22776,20180,8348,28528,7122,6266,13388,6699,4672,11371,1278,2342,3620,50086,27860,77946,7382,6466,13848,141919.0,213777.0,640.0,1.041818448,189053.5546,295.3961791,1.4908,33.7518,409.69343403184024,NGORA,0.07987186722765413,0.688321747973401,0.18,1,False,0.29394112852092313,0.179,False,False
KAPELEBYONG,Kapelebyong,"103,800",103800.0,AMURIA,AMURIA,AMURIA,KAPELEBYONG,KAPELEBYONG,KAPELEBYONG,Teso,Kapelebyong District,11,9,20,10159,4269,14428,12033,4024,16057,3753,2573,6326,2903,2571,5474,11,9,20,10119,4257,14376,12020,4001,16021,2890,2561,5451,3734,2557,6291,42159,11,9,20,10144,4257,14401,12070,4001,16071,2891,2556,5447,3734,2557,6291,638,1133,1771,28859,13446,42305,2914,2580,5494,87580.0,143536.0,1203.0,1.050644012,123763.9238,102.8794047,2.211,33.7518,340.6404605281269,KAPELEBYONG,0.016554075206138812,1.360052155063979,0.073,1,False,0.5300426028081922,0.082,False,False
MOYO,Moyo,"109,500",109500.0,MOYO,MOYO,MOYO,MOYO,MOYO,MOYO,West Nile,Moyo District,22,14,36,21019,15406,36425,17886,7833,25719,14904,9689,24593,13673,13538,27211,21,14,35,20721,15190,35911,16805,7576,24381,13414,13269,26683,13776,9572,23348,110358,21,13,34,20362,14865,35227,16432,10862,27294,13073,12960,26033,11866,9848,21714,300,970,1270,67504,46480,113984,13695,13552,27247,95951.0,109572.0,1072.0,1.013362919,105294.2278,98.22222739,3.636,31.7651,1048.0916409740744,MOYO,8.928140804234248,6.102794022084335,0.001,1,True,3.6557463336355718,0.001,True,False
NTOROKO,Ntoroko,"76,000",76000.0,NTOROKO,NTOROKO,NTOROKO,NTOROKO,NTOROKO,NTOROKO,Tooro,Ntoroko District,0,1,1,1351,920,2271,1669,1122,2791,837,671,1508,923,875,1798,0,0,0,1338,903,2241,1670,1083,2753,920,860,1780,822,667,1489,8263,0,0,0,1345,907,2252,1674,1108,2782,923,870,1793,828,668,1496,65,106,171,4780,3589,8369,923,876,1799,67005.0,114858.0,1236.0,1.055371602,97711.35554,79.05449478,1.0125,30.3897,84.56540137361397,NTOROKO,0.2060566235023738,0.5178878517497252,0.319,3,False,-0.2445531087195299,0.327,False,False
BUNDIBUGYO,Bundibugyo,"263,800",263800.0,BUNDIBUGYO,BUNDIBUGYO,BUNDIBUGYO,BUNDIBUGYO,BUNDIBUGYO,BUNDIBUGYO,Tooro,Bundibugyo District,39,25,64,14986,8470,23456,28669,14372,43041,9003,6575,15578,11791,10313,22104,38,137,175,14760,8344,23104,28169,14121,42290,11672,10176,21848,8884,6496,15380,102797,38,25,63,14850,8397,23247,28311,14265,42576,11729,10211,21940,8927,6523,15450,649,1240,1889,64488,39755,104243,11830,10338,22168,224387.0,264778.0,850.0,1.016689692,251951.3187,296.4133162,0.6852,0.0,408.00342117836277,BUNDIBUGYO,-0.1932187732295033,-1.473404431988887,0.02,4,True,-0.7198265054462007,0.019,False,True
KIRYANDONGO,Kiryandongo,"313,800",313800.0,KIRYANDONGO,KIRYANDONGO,KIRYANDONGO,KIRYANDONGO,KIRYANDONGO,KIRYANDONGO,Bunyoro,Kiryandongo District,69,15,84,12908,9509,22417,13449,6569,20018,6414,5215,11629,10613,9268,19881,14,12,26,12359,9254,21613,12902,6240,19142,9686,8837,18523,6129,4983,11112,70416,15,12,27,12046,8970,21016,12282,6397,18679,9486,8803,18289,6228,5104,11332,1318,2531,3849,43453,30576,74029,10682,9283,19965,266197.0,364872.0,3582.0,1.032033365,331939.7962,92.66884317,2.018,32.0837,212.13485338640453,KIRYANDONGO,0.0744983850265013,0.41919385027141526,0.37,3,False,-0.18063192297741015,0.359,False,False
MITYANA,Mityana,"362,500",362500.0,MITYANA,MITYANA,MITYANA,MITYANA,MITYANA,MITYANA,North Central,Mityana District,43,39,82,28324,12127,40451,25097,16601,41698,7404,6778,14182,8431,10480,18911,35,35,70,13102,10863,23965,23344,15351,38695,7770,7549,15319,6903,6329,13232,91281,35,39,74,13655,11306,24961,24247,16044,40291,7992,7817,15809,7145,6658,13803,410,1275,1685,69299,46025,115324,8474,10519,18993,328964.0,407386.0,1525.0,1.021611499,382075.1412,250.5410762,0.4016,32.044,238.90850295392104,MITYANA,0.06431220245387506,0.556176504370724,0.302,3,False,-0.19980813221331853,0.285,False,False
KYOTERA,Kyotera,"261,000",261000.0,RAKAI,RAKAI,KYOTERA,KYOTERA,KYOTERA,KYOTERA,South Central,Kyotera District,12,8,20,13021,11211,24232,18309,11113,29422,6828,6342,13170,6042,5938,11980,12,8,20,13021,11211,24232,18309,11113,29422,6042,5938,11980,6828,6342,13170,78824,12,8,20,13021,11211,24232,18309,11113,29422,6042,5938,11980,6828,6342,13170,228,658,886,44212,34612,78824,6054,5946,12000,239563.0,275917.0,1723.0,1.014228644,264466.6076,153.4919371,0.6359,31.5456,298.0489700205161,KYOTERA,0.07421832784012843,1.4478818744822017,0.021,3,True,-0.6283139013571538,0.031,False,True
GOMBA,Gomba,"173,800",173800.0,GOMBA,GOMBA,GOMBA,GOMBA,GOMBA,GOMBA,South Central,Gomba District,3,0,3,5003,4084,9087,7448,5610,13058,2571,2212,4783,2156,2012,4168,3,0,3,4543,3731,8274,6646,4989,11635,1951,1831,3782,2294,1967,4261,27955,3,0,3,4998,4082,9080,7421,5592,13013,2153,120894,123047,2571,2212,4783,141,460,601,17181,13918,31099,2159,2012,4171,159922.0,19912.0,1670.0,0.811933886,37200.85164,22.27595906,0.223,31.6739,751.4612910082292,GOMBA,-0.6982184105054831,-1.2918573931521635,0.051,4,False,-0.4666846513174132,0.051,False,False
RAKAI,Rakai,"317,700",317700.0,RAKAI,RAKAI,RAKAI,RAKAI,RAKAI,RAKAI,South Central,Rakai District,4,4,8,17074,13252,30326,19333,10758,30091,8139,7118,15257,6129,6015,12144,4,4,8,17043,13218,30261,19317,11773,31090,6122,6003,12125,8119,7108,15227,88711,3,4,7,16843,13100,29943,19110,10681,29791,6091,5936,12027,8022,7045,15067,313,830,1143,50679,37147,87826,6133,6019,12152,276746.0,346885.0,1528.0,1.02284639,324156.1533,212.1440794,0.7083,31.3542,273.66748740351613,RAKAI,0.1234417047611146,1.2550384991411352,0.049,3,True,-0.6070136405758565,0.05,False,False
BUSHENYI,Bushenyi,"248,300",248300.0,BUSHENYI,BUSHENYI,BUSHENYI,BUSHENYI,BUSHENYI,BUSHENYI,Ankole,Bushenyi District,1,1,2,3785,3700,7485,5362,3778,9140,1426,1281,2707,1066,1021,2087,1,1,2,3688,3640,7328,5060,3481,8541,1037,996,2033,1396,1251,2647,20551,1,1,2,3648,3600,7248,4983,3408,8391,1025,988,2013,1374,1232,2606,59,172,231,11640,9781,21421,1067,1022,2089,234443.0,283392.0,845.0,1.019142779,267721.0326,316.8296243,0.4875,30.1127,76.76273993274596,BUSHENYI,0.7906680923350388,2.054121543921085,0.002,3,True,-0.8925011393814212,0.001,False,True
ISINGIRO,Isingiro,"596,400",596400.0,ISINGIRO,ISINGIRO,ISINGIRO,ISINGIRO,ISINGIRO,ISINGIRO,Ankole,Isingiro District,9,2,11,19619,14886,34505,34204,21570,55774,11465,9073,20538,14141,13268,27409,9,2,11,19114,14588,33702,32199,20127,52326,13495,12525,26020,11195,8829,20024,132083,9,2,11,18441,14082,32523,32444,20951,53395,13569,12760,26329,10880,8586,19466,445,1189,1634,79438,58799,138237,14150,13270,27420,486360.0,635077.0,2536.0,1.027038806,586227.0097,231.1620701,0.8435,30.8039,225.31032827640112,ISINGIRO,0.28436540192988324,1.760574047637054,0.008,3,True,-0.7641508714011639,0.004,False,True
RWAMPARA,Rwampara,"144,600",144600.0,MBARARA,MBARARA,MBARARA,MBARARA,RWAMPARA,RWAMPARA,Ankole,Rwampara District,2,0,2,467,393,860,1642,936,2578,170,135,305,183,166,349,2,0,2,454,385,839,1595,920,2515,181,161,342,169,132,301,3999,2,0,2,449,382,831,1551,903,2454,181,171,352,164,130,294,6,16,22,2464,1630,4094,185,166,351,127725.0,162967.0,542.0,1.024666118,151479.0396,279.4816229,0.7476,30.482,26.3996920667036,RWAMPARA,0.9042143496229226,1.7568791882052408,0.004,3,True,-0.855052245187772,0.002,False,True
HOIMA,Hoima,"374,500",374500.0,HOIMA,HOIMA,HOIMA,HOIMA,HOIMA,HOIMA,Bunyoro,Hoima District,1,2,3,3911,2239,6150,4951,2509,7460,2137,1568,3705,3153,2849,6002,1,1,2,3845,2205,6050,4854,2396,7250,3098,2795,5893,2109,1542,3651,22846,4,5,9,3857,2183,6040,4808,2381,7189,3093,2773,5866,2067,1528,3595,696,1207,1903,14153,9167,23320,3154,2851,6005,205432.0,257544.0,1341.0,1.022865037,240655.8559,179.459997,1.6343,31.171,94.93224220354406,HOIMA,0.20849042496522124,0.5561097048685146,0.302,3,False,-0.25758207353572343,0.311,False,False
KALAKI,Kalaki,"138,700",138700.0,KABERAMAIDO,KABERAMAIDO,KABERAMAIDO,KABERAMAIDO,KALAKI,KALAKI,Teso,Kalaki District,28,30,58,9893,4410,14303,9176,3183,12359,6027,4868,10895,6082,5911,11993,28,30,58,9893,4410,14303,9176,3183,12359,6082,5911,11993,6027,4868,10895,49608,28,30,58,9655,4269,13924,8990,3150,12140,5969,5789,11758,5845,4724,10569,563,1301,1864,31206,18402,49608,6110,5941,12051,109874.0,149736.0,658.0,1.031438004,136457.3207,207.3819463,0.0,0.0,363.5422397678661,KALAKI,0.0326176857231981,0.7167671819404,0.163,1,False,0.29297271672048775,0.184,False,False
OBONGI,Obongi,"49,100",49100.0,MOYO,MOYO,MOYO,MOYO,OBONGI,OBONGI,West Nile,Obongi District,15,8,23,21368,13182,34550,17002,5982,22984,11246,9380,20626,20761,13519,34280,7,4,11,18535,12699,31234,15107,5199,20306,12694,12212,24906,10468,9309,19777,96234,22,21,43,18097,12182,30279,14404,5055,19459,12493,11915,24408,10422,9198,19620,459,963,1422,70392,42071,112463,20776,13527,34303,43061.0,142983.0,837.0,1.127509032,99752.62129,119.178759,3.4335,31.5827,964.7265280400934,OBONGI,6.845542602792297,6.2701192133303625,0.001,1,True,3.1553735580792344,0.001,True,False
KAZO,Kazo,"217,600",217600.0,KIRUHURA,KIRUHURA,KIRUHURA,KIRUHURA,KAZO,KAZO,Ankole,Kazo District,49,38,87,10388,7994,18382,13221,7927,21148,4858,4032,8890,3095,2785,5880,38,28,66,9915,7719,17634,12137,7513,19650,2911,2635,5546,4630,3856,8486,51382,32,23,55,9545,7394,16939,11762,7281,19043,2783,2522,5305,4446,3700,8146,147,721,868,31611,22776,54387,3144,2823,5967,177054.0,208898.0,1558.0,1.016676661,198785.9659,127.5904787,0.3576,32.5571,258.4790116715176,KAZO,0.059522972264399246,0.5312463979900948,0.32,3,False,-0.2333672820016839,0.297,False,False
ARUA,Terego,"233,700",233700.0,ARUA,ARUA,ARUA,ARUA,TEREGO,TEREGO,West Nile,Terego District,93,64,157,47352,25849,73201,51349,17065,68414,23018,17658,40676,28048,27036,55084,74,50,124,38072,23177,61249,39585,13947,53532,24019,23117,47136,20892,15895,36787,198828,128,90,218,39931,23794,63725,41430,14238,55668,25103,23180,48283,21276,16235,37511,1606,4591,6197,149860,87672,237532,28141,27100,55241,199303.0,323253.0,1200.0,1.049549371,279597.9261,232.9982717,3.171,31.1252,711.121154485559,TEREGO,-0.5202910922640289,-0.4025392647462336,0.393,4,False,-0.3832850745787805,0.4,False,False
ARUA,Arua,"517,300",517300.0,ARUA,ARUA,ARUA,ARUA,ARUA,ARUA,West Nile,Arua District,2,7,9,7842,4172,12014,7076,3080,10156,3554,2712,6266,2964,2858,5822,2,7,9,7709,4074,11783,6838,2988,9826,2900,2751,5651,3466,2640,6106,33375,2,7,9,7766,4139,11905,6963,3042,10005,2949,2825,5774,9424,2669,12093,337,548,885,21438,12829,34267,2966,2865,5831,133534.0,159722.0,800.0,1.018069175,151367.5827,189.2094783,3.0018,30.9876,220.48974691065075,ARUA,-0.520291092264029,-1.634797703123759,0.047,2,True,1.3298738040663427,0.06,False,False
